"FID","SSC_CODE","Cnt_SSC_CODE","First_SSC_NAME","Sum_AREA"
,"10094",9,"Balranald",0.393905
,"10117",3,"Barham",0.203610
,"10121",1,"Barooga",0.000500
,"10290",3,"Boomanoomana",0.101533
,"10560",6,"Collendina",0.336125
,"10602",1,"Coomealla",0.001594
,"10624",4,"Corowa",0.268726
,"10669",1,"Curlwaa",0.000005
,"10686",1,"Dareton",0.001407
,"10764",1,"East Albury",0.006929
,"10811",12,"Ellerslie (Wentworth - NSW)",1.757754
,"10853",19,"Euston",0.408613
,"10986",1,"Gol Gol",0.085938
,"10989",1,"Goodnight",0.063178
,"11138",2,"Howlong",0.004382
,"11186",1,"Jingellic",0.002696
,"11235",1,"Khancoban",0.024254
,"11236",1,"Kiah",0.000598
,"11283",2,"Koraleigh",0.114632
,"11285",1,"Kosciuszko National Park",0.299116
,"11325",4,"Lalalty",0.072745
,"11420",2,"Lowesdale",1.113708
,"11489",4,"Mathoura",0.695035
,"11563",11,"Moama",0.157367
,"11650",1,"Mulwala",0.001401
,"11786",1,"Nungatta",0.030779
,"11787",1,"Nurenmerenmong",1.174340
,"11894",12,"Pooncarie",0.367215
,"12093",1,"South Albury",0.008267
,"12123",3,"Speewa (NSW)",0.077619
,"12285",7,"Tocumwal",0.084184
,"12292",1,"Tooma",0.000107
,"12456",3,"Wentworth (NSW)",0.019108
,"12527",1,"Wirlinga",0.000266
,"12568",1,"Woomargama",0.001719
,"20003",1,"Acheron",26.958799
,"20004",1,"Aireys Inlet",0.730481
,"20010",3,"Alexandra (Vic.)",94.113108
,"20011",1,"Alfredton",0.003456
,"20014",2,"Alma (Vic.)",8.624350
,"20019",5,"Amphitheatre",15.503527
,"20020",2,"Anakie",8.991989
,"20021",1,"Anglesea",1.447469
,"20023",2,"Apsley (Vic.)",6.491300
,"20024",5,"Ararat",22.792096
,"20025",6,"Arcadia (Vic.)",3.459519
,"20029",2,"Arthurs Creek",3.260306
,"20030",1,"Arthurs Seat",7.245560
,"20031",3,"Ascot (Ballarat - Vic.)",4.678398
,"20032",1,"Ascot (Greater Bendigo - Vic.)",9.599209
,"20034",2,"Ashbourne (Vic.)",42.098362
,"20042",17,"Avenel",30.100563
,"20043",4,"Avoca (Vic.)",17.224161
,"20045",2,"Avonsleigh",2.255911
,"20046",3,"Axe Creek",9.029062
,"20047",3,"Axedale",19.190520
,"20049",2,"Baddaginnie",0.540454
,"20050",3,"Badger Creek",23.017581
,"20051",5,"Bagshot",34.332639
,"20052",9,"Bailieston",217.362118
,"20053",2,"Bairnsdale",1.229483
,"20056",6,"Ballan",18.358591
,"20058",1,"Ballarat East",0.542405
,"20059",2,"Ballarat North",0.538700
,"20060",1,"Ballendella",0.744062
,"20061",1,"Balliang",29.134199
,"20062",10,"Balmattum",59.509488
,"20063",9,"Balmoral (Vic.)",32.256849
,"20070",1,"Bandiana",0.369652
,"20073",2,"Baranduda",3.501900
,"20074",2,"Baringhup",0.140744
,"20075",5,"Barjarg",124.341289
,"20076",3,"Barkers Creek",11.359212
,"20077",1,"Barmah",0.054547
,"20078",4,"Barnawartha",2.719039
,"20079",6,"Barnawartha North",6.418323
,"20080",2,"Barongarook",22.630789
,"20081",3,"Barongarook West",32.976921
,"20083",2,"Barwon Downs",122.789328
,"20084",1,"Barwon Heads",0.158259
,"20086",1,"Batesford",0.839448
,"20087",1,"Baw Baw (Vic.)",860.622009
,"20088",1,"Baw Baw Village",4.302470
,"20091",2,"Baynton (Vic.)",21.008361
,"20092",1,"Bayswater (Vic.)",0.000326
,"20094",1,"Beaconsfield (Vic.)",0.217435
,"20095",1,"Beaconsfield Upper",16.021799
,"20096",10,"Bealiba",68.200208
,"20097",1,"Bearii",2.458580
,"20098",4,"Beaufort (Vic.)",40.612585
,"20101",1,"Beech Forest",564.607971
,"20102",7,"Beechworth",86.217976
,"20103",1,"Belgrave",4.076529
,"20104",1,"Belgrave Heights",1.645409
,"20105",1,"Belgrave South",7.502200
,"20108",2,"Bellbrae",7.493994
,"20111",1,"Bells Beach",5.354849
,"20113",1,"Bemm River",2703.300048
,"20115",2,"Benalla",25.605900
,"20116",4,"Benambra",1479.852311
,"20117",1,"Bend Of Islands",6.088049
,"20119",8,"Bendoc",3754.010966
,"20122",2,"Beremboke",25.038195
,"20123",3,"Berringa",35.450171
,"20124",3,"Berriwillock",0.478334
,"20126",8,"Bessiebelle",46.646183
,"20127",6,"Bet Bet",42.049962
,"20128",4,"Bete Bolong",303.303281
,"20129",3,"Bethanga",9.759117
,"20130",6,"Beulah (Vic.)",188.316779
,"20132",3,"Beveridge",0.477236
,"20133",11,"Big Desert",4920.482066
,"20134",1,"Big Hill (Greater Bendigo - Vic.)",9.719320
,"20135",8,"Binginwarri",161.608811
,"20139",1,"Bittern",0.005118
,"20140",1,"Black Hill (Vic.)",0.211665
,"20142",1,"Blackburn",1.757830
,"20144",1,"Blackburn South",0.005265
,"20145",1,"Blackwood (Vic.)",5.529789
,"20147",1,"Blampied",2.300090
,"20149",2,"Boisdale",429.075972
,"20150",3,"Bolwarra (Vic.)",4.713370
,"20152",6,"Bonegilla",7.405293
,"20153",7,"Boneo",18.715347
,"20154",5,"Bonnie Doon (Vic.)",59.781718
,"20157",8,"Boolarra",13.088888
,"20158",5,"Boolarra South",87.263406
,"20159",2,"Boole Poole",0.096923
,"20161",2,"Boorhaman",19.222269
,"20162",6,"Boort",15.108391
,"20163",1,"Boronia",0.767439
,"20164",1,"Bostocks Creek",1.001839
,"20165",1,"Botanic Ridge",1.230550
,"20166",21,"Boundary Bend",71.024804
,"20167",5,"Bowenvale",21.944015
,"20174",1,"Breakwater",0.356698
,"20175",3,"Breamlea",2.819534
,"20176",5,"Briagolong",158.562009
,"20177",2,"Briar Hill",0.417476
,"20180",1,"Bright (Vic.)",4.024919
,"20184",15,"Brimpaen",209.769002
,"20185",6,"Broadford",4.566547
,"20187",2,"Broadwater (Vic.)",0.558601
,"20190",1,"Broomfield",3.889209
,"20191",1,"Brown Hill (Vic.)",29.634300
,"20192",3,"Brucknell",1.883349
,"20196",1,"Bruthen",44.123500
,"20197",5,"Buangor",113.946857
,"20198",4,"Buchan",980.093075
,"20199",5,"Budgeree",203.048158
,"20200",2,"Buffalo",1.103303
,"20201",1,"Buffalo River",1374.060058
,"20202",4,"Bulart",9.048746
,"20205",1,"Bullengarook",51.316501
,"20206",5,"Bullioh",215.803575
,"20208",2,"Buln Buln East",5.921445
,"20209",1,"Bunbartha",6.959000
,"20210",2,"Bundalaguah",0.859390
,"20211",2,"Bundalong",16.066230
,"20212",1,"Bundoora (Vic.)",0.565993
,"20213",3,"Bungaree (Vic.)",2.399244
,"20214",4,"Buninyong",6.574694
,"20215",1,"Bunkers Hill",1.127030
,"20220",3,"Burramine",17.941740
,"20221",1,"Burrumbeet",0.349671
,"20225",1,"Buxton (Vic.)",0.186618
,"20226",2,"Byaduk",45.315699
,"20227",1,"Byawatha",16.258600
,"20229",1,"Cabarita (Vic.)",0.767805
,"20233",2,"California Gully",0.619728
,"20234",1,"Calivil",13.497300
,"20235",2,"Callignee",41.254558
,"20236",5,"Calulu",35.970425
,"20240",2,"Campbells Creek",1.567501
,"20242",2,"Canadian",4.317357
,"20243",1,"Cann River",0.156666
,"20246",7,"Cape Bridgewater",19.408255
,"20248",1,"Cape Schanck",3.409810
,"20251",13,"Carapooee",226.573451
,"20252",5,"Carboor",105.835602
,"20256",4,"Cardross",9.779771
,"20257",1,"Carisbrook",7.507299
,"20258",5,"Carlsruhe",7.321676
,"20262",4,"Carngham",28.696619
,"20264",5,"Carrajung",86.672362
,"20267",1,"Castella",20.460899
,"20268",8,"Casterton",92.097478
,"20270",3,"Castlemaine",3.500469
,"20272",7,"Cathcart (Vic.)",4.497815
,"20277",3,"Cavendish",6.700791
,"20280",2,"Charlton (Vic.)",1.277451
,"20284",3,"Chepstowe",0.687530
,"20285",3,"Cheshunt",770.417405
,"20286",2,"Chewton",40.359300
,"20287",2,"Childers (Vic.)",2.246854
,"20288",6,"Chiltern",114.172336
,"20290",2,"Christmas Hills (Vic.)",29.819644
,"20291",2,"Chum Creek",18.354784
,"20292",2,"Churchill (Vic.)",1.497834
,"20293",5,"Clarendon (Vic.)",2.000885
,"20298",1,"Clematis",2.113679
,"20299",4,"Clifton Creek",23.521252
,"20302",2,"Clonbinane",224.214157
,"20303",1,"Cloverlea",1.351119
,"20304",5,"Clunes (Vic.)",17.450643
,"20306",2,"Cobains",4.215640
,"20307",2,"Cobden",0.041993
,"20308",4,"Cobram",6.242610
,"20309",2,"Cobram East",10.478199
,"20310",2,"Cobrico",1.301465
,"20313",3,"Cockatoo (Vic.)",15.709792
,"20315",1,"Cohuna",96.133102
,"20316",2,"Coimadai",38.293011
,"20320",2,"Colbinabbin",2.430644
,"20321",2,"Coldstream (Vic.)",2.536527
,"20322",3,"Coleraine",5.912269
,"20323",6,"Colignan",4.409374
,"20325",12,"Concongella",14.275704
,"20326",17,"Condah",209.709587
,"20330",2,"Coongulla",38.867449
,"20331",4,"Cooriemungle",15.965594
,"20337",2,"Corop",0.786558
,"20339",4,"Corryong",24.741286
,"20340",4,"Cottles Bridge",6.041418
,"20342",1,"Cowwarr",0.000001
,"20344",1,"Cranbourne",0.036733
,"20351",1,"Creswick",17.881700
,"20352",1,"Crib Point",0.023552
,"20354",1,"Croydon (Vic.)",0.347557
,"20355",1,"Croydon Hills",0.005487
,"20356",1,"Croydon North",0.297740
,"20357",1,"Croydon South",0.247614
,"20358",1,"Cudgee",11.745100
,"20359",7,"Cudgewa",604.713125
,"20360",8,"Culgoa",5.866101
,"20362",1,"Daisy Hill (Vic.)",23.650800
,"20363",1,"Dales Creek",2.078959
,"20369",2,"Dargo",2366.014617
,"20370",2,"Darley",6.984529
,"20371",1,"Darnum",0.859948
,"20372",1,"Darraweit Guim",0.086228
,"20373",1,"Dartmoor (Vic.)",0.419892
,"20374",1,"Daylesford",10.561200
,"20375",1,"Dean",34.778598
,"20376",1,"Deans Marsh",34.165401
,"20377",3,"Dederang",75.885679
,"20378",5,"Deep Lead",25.305024
,"20385",5,"Dereel",30.395596
,"20387",1,"Derrinallum",1.009109
,"20390",3,"Devon North",90.177878
,"20391",1,"Dewhurst",4.677499
,"20393",6,"Diamond Creek",3.958456
,"20394",8,"Digby",396.787058
,"20396",1,"Diggora",1.101840
,"20397",7,"Dimboola",9.853451
,"20400",1,"Dinner Plain",0.610396
,"20401",2,"Dixons Creek",26.053658
,"20403",2,"Don Valley",9.586339
,"20406",3,"Doncaster East",0.166356
,"20407",3,"Donvale",4.426846
,"20409",2,"Doreen",0.069655
,"20410",15,"Douglas (Vic.)",175.506584
,"20413",3,"Dromana",4.243213
,"20418",11,"Drumborg",541.812112
,"20420",3,"Drummond",37.204767
,"20423",1,"Dumbalk",0.089123
,"20424",6,"Dunkeld (Vic.)",630.893498
,"20425",1,"Dunnstown",0.658949
,"20426",5,"Dunolly (Vic.)",122.680800
,"20427",2,"Durham Lead",11.983545
,"20429",2,"Eaglehawk",11.215798
,"20432",2,"East Bendigo",1.911284
,"20434",1,"East Melbourne",0.365402
,"20436",6,"East Wangaratta",12.916838
,"20437",1,"East Warburton",84.625999
,"20439",1,"Ebden",0.484270
,"20440",4,"Echuca",7.400450
,"20441",2,"Echuca Village",2.918303
,"20443",1,"Ecklin South",0.397404
,"20444",2,"Eden Park",3.193250
,"20445",19,"Edenhope",94.906844
,"20447",1,"Eganstown",37.731201
,"20448",2,"Eildon",743.463883
,"20449",8,"Elaine",16.182104
,"20450",2,"Eldorado",1.010759
,"20452",1,"Elliminyt",0.015265
,"20453",1,"Ellinbank",21.503299
,"20454",8,"Elmhurst",193.852814
,"20456",4,"Elphinstone (Vic.)",7.936782
,"20458",2,"Eltham (Vic.)",9.217651
,"20459",1,"Eltham North",1.648679
,"20461",1,"Emerald (Vic.)",26.773099
,"20462",1,"Emu Creek (Vic.)",7.702589
,"20463",1,"Endeavour Hills",1.532449
,"20464",1,"Enfield (Vic.)",0.550549
,"20465",4,"Eppalock",33.362239
,"20467",2,"Epsom (Vic.)",0.057160
,"20468",1,"Erica",346.381988
,"20469",1,"Eskdale (Vic.)",309.861999
,"20476",6,"Euroa",5.703952
,"20477",2,"Eurobin",49.236411
,"20478",6,"Everton",30.564789
,"20479",1,"Eynesbury",2.554970
,"20481",1,"Fairhaven",1.289729
,"20482",1,"Falls Creek (Vic.)",2.588779
,"20483",3,"Faraday",1.434779
,"20485",4,"Fernbank",306.780399
,"20486",1,"Ferntree Gully",1.455489
,"20487",1,"Ferny Creek",5.228549
,"20488",5,"Fingal (Vic.)",2.905950
,"20489",5,"Fish Creek",3.834963
,"20493",6,"Flinders (Vic.)",5.818146
,"20494",1,"Flora Hill",0.765524
,"20495",9,"Flowerdale (Vic.)",77.760280
,"20497",1,"Forest Hill (Vic.)",0.030343
,"20498",8,"Forge Creek",4.650996
,"20499",1,"Forrest (Vic.)",27.851800
,"20500",5,"Foster",2.828332
,"20501",1,"Framlingham",0.029631
,"20505",2,"Freeburgh",203.768156
,"20506",7,"French Island",88.384665
,"20508",1,"Fryerstown",64.748199
,"20509",3,"Fulham (Vic.)",1.206614
,"20510",1,"Fyansford",0.004751
,"20511",1,"Gannawarra",4.154059
,"20512",2,"Gapsted",3.019850
,"20515",3,"Garfield North",7.248164
,"20516",5,"Garibaldi",88.925746
,"20517",1,"Garvoc",0.719392
,"20520",1,"Gellibrand",135.880996
,"20521",2,"Gembrook",174.052940
,"20522",2,"Genoa",1489.098114
,"20523",1,"Gentle Annie",192.839004
,"20524",4,"Gerang Gerung",13.136348
,"20525",3,"Gherang",8.227466
,"20528",4,"Gisborne",41.424585
,"20529",2,"Gisborne South",0.599906
,"20531",1,"Gladysdale",14.032600
,"20536",4,"Glenalbyn",2.720783
,"20537",3,"Glenburn",42.894588
,"20538",4,"Glenfyne",2.172278
,"20539",1,"Glengarry (Vic.)",15.987600
,"20540",1,"Glengarry North",19.891599
,"20541",9,"Glenisla",377.128989
,"20542",1,"Glenlyon (Vic.)",76.831596
,"20543",4,"Glenmaggie",736.564216
,"20544",9,"Glenorchy (Vic.)",7.072104
,"20546",2,"Glenrowan",5.916679
,"20548",1,"Glenthompson",2.209100
,"20551",1,"Golden Gully",2.294199
,"20553",1,"Golden Square",0.297329
,"20554",9,"Goldie",8.777501
,"20555",11,"Goon Nure",32.701662
,"20556",1,"Goorambat",0.776669
,"20557",2,"Goornong",12.526658
,"20558",2,"Gorae West",66.781654
,"20559",3,"Gordon (Vic.)",61.757952
,"20560",7,"Gormandale",140.776559
,"20561",34,"Goroke",612.150266
,"20562",7,"Goughs Bay",108.963231
,"20565",3,"Granite Rock",7.517174
,"20566",4,"Grantville",2.408563
,"20567",2,"Grassdale (Vic.)",12.007003
,"20569",5,"Great Western",20.257170
,"20570",1,"Greendale (Vic.)",5.891139
,"20571",2,"Greensborough",1.179976
,"20573",4,"Greta South",30.993890
,"20574",3,"Greta West",4.092610
,"20576",3,"Gruyere",9.368739
,"20578",2,"Gunbower",17.754120
,"20579",8,"Gundowring",85.426503
,"20580",1,"Guys Hill",0.913730
,"20581",3,"Haddon",5.235127
,"20585",13,"Halls Gap",769.883641
,"20586",5,"Hallston",26.030001
,"20592",5,"Harcourt",3.458377
,"20593",3,"Harcourt North",10.625031
,"20594",1,"Harkaway",1.604200
,"20595",2,"Harmers Haven",3.679389
,"20596",3,"Harrietville",1683.127075
,"20597",26,"Harrow",308.486133
,"20600",16,"Hattah",250.159897
,"20601",2,"Haven",0.964282
,"20605",1,"Hazeldene",1.887609
,"20606",1,"Hazelwood",17.266300
,"20607",2,"Hazelwood North",14.148009
,"20608",1,"Hazelwood South",5.462339
,"20609",4,"Healesville",144.326614
,"20610",2,"Heath Hill",0.840245
,"20611",5,"Heathcote (Vic.)",45.557120
,"20612",1,"Heathcote Junction",3.270329
,"20614",2,"Heathmere",20.981740
,"20615",2,"Heathmont",1.333337
,"20619",1,"Hepburn",0.739013
,"20620",1,"Hepburn Springs",0.426712
,"20622",2,"Hernes Oak",0.599617
,"20623",2,"Hesket",13.293770
,"20624",1,"Hexham (Vic.)",1.712129
,"20625",2,"Heyfield",11.671950
,"20626",13,"Heywood",66.170669
,"20628",19,"Highlands",44.071723
,"20630",1,"Hill End (Vic.)",69.786399
,"20631",8,"Hilldene",7.288037
,"20633",3,"Hmas Cerberus",5.973940
,"20634",4,"Hoddles Creek",42.063335
,"20639",1,"Hotham Heights",26.493799
,"20640",1,"Howqua Hills",1145.170043
,"20641",3,"Howqua Inlet",55.624117
,"20643",1,"Humevale",35.295101
,"20644",3,"Hunter",71.721452
,"20646",3,"Huntly",8.769941
,"20647",5,"Huon",18.786041
,"20648",2,"Huon Creek",0.069604
,"20649",6,"Hurstbridge",6.404636
,"20650",1,"Illowa",1.293759
,"20652",8,"Indigo Valley",38.290022
,"20653",8,"Inglewood (Vic.)",114.695202
,"20654",1,"Invergordon (Vic.)",0.350174
,"20655",1,"Inverleigh",10.355199
,"20656",1,"Inverloch",1.080600
,"20657",1,"Invermay (Vic.)",3.375489
,"20661",2,"Irrewarra",1.281424
,"20662",3,"Irymple (Vic.)",5.193705
,"20666",5,"Jack River",48.923799
,"20667",1,"Jackass Flat",1.653550
,"20668",2,"Jamieson (Vic.)",868.394311
,"20670",3,"Jancourt East",34.948806
,"20671",2,"Jeeralang Junction",4.929398
,"20672",6,"Jeparit",9.036278
,"20673",1,"Jindivick",17.158300
,"20674",4,"Johanna",213.411230
,"20675",1,"Johnsonville",0.141020
,"20677",3,"Jung",0.895421
,"20678",3,"Junortoun",13.711209
,"20679",2,"Kaarimba",5.016849
,"20680",2,"Kalimna",0.487755
,"20681",1,"Kallista",3.670010
,"20682",1,"Kalorama",2.670150
,"20683",1,"Kangaroo Flat (Vic.)",9.517000
,"20684",5,"Kangaroo Ground",7.814426
,"20685",19,"Kaniva",173.237834
,"20686",4,"Kanyapella",13.370680
,"20687",1,"Kardella",0.573665
,"20692",1,"Keely",32.839599
,"20699",2,"Kennington",0.627456
,"20701",5,"Kerang",9.632110
,"20702",5,"Kergunyah",51.358788
,"20706",2,"Kialla",5.566993
,"20707",1,"Kialla East",0.323244
,"20708",1,"Kialla West",2.787539
,"20711",4,"Kilmore",2.745600
,"20712",3,"Kilmore East",6.286467
,"20713",1,"Kilsyth",0.195234
,"20715",6,"King Valley",140.172415
,"20716",1,"Kinglake",36.890899
,"20717",1,"Kinglake Central",69.730903
,"20718",2,"Kinglake West",20.953313
,"20721",1,"Kingston (Vic.)",0.063101
,"20724",2,"Kirwans Bridge",0.589492
,"20725",3,"Knowsley",21.000820
,"20728",2,"Konongwootong",8.557630
,"20730",8,"Koondrook",41.722985
,"20731",8,"Koonoomoo",12.841016
,"20732",1,"Koonwarra",0.005868
,"20733",4,"Koorlong",15.773221
,"20735",2,"Korobeit",346.994873
,"20737",6,"Korong Vale",43.710659
,"20739",1,"Korweinguboora",50.148998
,"20740",9,"Kotupna",43.671699
,"20742",1,"Krowera",0.008796
,"20745",4,"Kyneton",4.785476
,"20747",3,"Laang",1.027275
,"20748",1,"Labertouche",7.599440
,"20749",1,"Laceby",0.299281
,"20750",5,"Laharum",22.368628
,"20754",6,"Lake Charm",12.629062
,"20755",1,"Lake Gardens",0.055694
,"20756",3,"Lake Tyers Beach",5.646193
,"20757",5,"Lake Wellington",0.101349
,"20758",1,"Lake Wendouree",0.429921
,"20759",1,"Lakes Entrance",6.992509
,"20760",5,"Lal Lal",30.740959
,"20761",1,"Lalbert",6.239130
,"20765",4,"Lancefield",56.050001
,"20766",5,"Landsborough (Vic.)",55.816101
,"20767",1,"Lang Lang",2.855700
,"20768",19,"Langkoop",302.421866
,"20769",1,"Langwarrin",1.695189
,"20771",2,"Lara",0.570399
,"20773",1,"Larralea",3.621030
,"20774",3,"Launching Place",20.335531
,"20775",3,"Lauriston",10.529489
,"20779",2,"Leichardt",0.302615
,"20780",1,"Leitchville",17.603900
,"20782",4,"Leneva",18.525382
,"20785",4,"Leongatha South",2.058989
,"20787",3,"Lethbridge",0.411607
,"20788",7,"Lexton",6.474945
,"20789",1,"Licola",2900.580078
,"20790",2,"Lilydale (Vic.)",4.724579
,"20792",4,"Lindenow South",4.760767
,"20793",4,"Linton",35.714618
,"20795",5,"Little Desert",435.000267
,"20796",1,"Little River (Vic.)",19.322999
,"20797",2,"Loch",1.622476
,"20798",1,"Loch Sport",1.333850
,"20800",5,"Lockwood",18.605530
,"20801",2,"Lockwood South",10.106916
,"20802",1,"Long Forest",3.815170
,"20803",1,"Long Gully",0.221879
,"20804",15,"Longford (Vic.)",108.034950
,"20805",4,"Longlea",7.725934
,"20807",6,"Longwood (Vic.)",9.568526
,"20808",3,"Lorne (Vic.)",415.150300
,"20812",11,"Lurg",52.312374
,"20813",2,"Lyal",46.427298
,"20816",1,"Lyonville",51.808799
,"20817",1,"Lysterfield",5.771070
,"20818",1,"Lysterfield South",2.746609
,"20819",2,"Macarthur (Vic.)",37.276751
,"20820",3,"Macclesfield (Vic.)",8.471271
,"20821",1,"Macedon",26.275600
,"20825",1,"Magpie",3.781759
,"20826",4,"Maiden Gully",23.917410
,"20829",3,"Main Ridge",17.939200
,"20830",5,"Majorca",21.597121
,"20831",3,"Maldon (Vic.)",9.378648
,"20832",1,"Mallacoota",2.990099
,"20836",5,"Manangatang",5.428639
,"20837",1,"Mandurang",20.883800
,"20838",2,"Mandurang South",19.327031
,"20839",6,"Mangalore (Vic.)",4.219803
,"20841",2,"Mannerim",0.880635
,"20842",1,"Mannibadar",0.153644
,"20843",7,"Manns Beach",62.255479
,"20844",5,"Mansfield (Vic.)",6.905632
,"20845",2,"Marcus Hill",0.313547
,"20846",1,"Marengo (Vic.)",0.280620
,"20848",3,"Markwood",4.510894
,"20849",4,"Marlo",517.523649
,"20850",1,"Marnoo",10.408399
,"20851",2,"Marong",10.590571
,"20852",1,"Marshall",0.016107
,"20853",3,"Maryborough (Vic.)",25.678912
,"20855",1,"Marysville",1.235849
,"20856",2,"Maude (Vic.)",2.995012
,"20857",1,"McCrae",4.561550
,"20858",4,"McKenzie Creek",1.736384
,"20859",1,"McKenzie Hill",0.493840
,"20861",1,"McMahons Creek",844.101013
,"20863",2,"Mead",1.901900
,"20865",2,"Meeniyan",1.300246
,"20866",14,"Meerlieu",38.312925
,"20867",2,"Melbourne",1.459436
,"20873",1,"Menzies Creek",3.494460
,"20876",4,"Merbein South",3.199602
,"20877",3,"Meredith",26.428265
,"20878",37,"Meringur",118.705877
,"20879",3,"Merino",6.812930
,"20881",3,"Merricks North",1.459172
,"20883",1,"Merrijig (Mansfield - Vic.)",120.129997
,"20884",1,"Merrimu",2.316550
,"20885",6,"Merton",51.495203
,"20886",4,"Metcalfe",6.880395
,"20887",2,"Metung",1.289144
,"20888",3,"Mia Mia (Vic.)",11.751807
,"20891",2,"Miepoll",0.895666
,"20892",5,"Milawa",9.988240
,"20893",1,"Mildura",1.536759
,"20894",1,"Mill Park",0.671842
,"20895",3,"Millbrook (Vic.)",0.993441
,"20896",1,"Millgrove",1.832499
,"20898",16,"Minimay",164.001138
,"20900",2,"Mirboo",6.656391
,"20901",4,"Mirboo North",54.708426
,"20902",2,"Mitcham (Vic.)",1.465315
,"20904",2,"Mitta Mitta",1376.805996
,"20905",1,"Modewarre",0.542348
,"20906",1,"Moe",0.083040
,"20907",3,"Moe South",5.795060
,"20908",1,"Monbulk",10.685400
,"20909",4,"Monegeetta",1.487336
,"20912",1,"Montmorency",0.756413
,"20913",1,"Montrose (Vic.)",7.291769
,"20914",1,"Moolap",0.199073
,"20915",6,"Moonambel",37.814567
,"20921",1,"Mooroolbark",1.473060
,"20922",1,"Mooroopna",11.606399
,"20923",1,"Mooroopna North",20.343399
,"20927",6,"Morrisons",26.150313
,"20929",3,"Morwell",14.311630
,"20930",1,"Mossiface",5.159709
,"20931",1,"Mount Beauty",0.364369
,"20932",1,"Mount Buller",19.917900
,"20933",5,"Mount Camel",43.651662
,"20934",2,"Mount Clear",7.508039
,"20936",1,"Mount Dandenong",4.949580
,"20938",6,"Mount Egerton",8.034887
,"20940",2,"Mount Evelyn",9.253605
,"20941",3,"Mount Franklin",64.991034
,"20942",2,"Mount Helen",3.359990
,"20943",1,"Mount Macedon",31.134599
,"20944",2,"Mount Martha",3.863097
,"20946",1,"Mount Pleasant (Vic.)",0.172601
,"20948",7,"Mount Taylor",50.807913
,"20950",2,"Moutajup",1.849148
,"20951",5,"Moyhu",9.910070
,"20952",5,"Moyston",48.500118
,"20953",6,"Muckleford",15.020267
,"20954",3,"Mudgegonga",138.521651
,"20956",6,"Munro",106.502461
,"20957",16,"Murchison (Vic.)",19.279881
,"20958",1,"Murchison East",0.077650
,"20959",1,"Murgheboluc",5.211319
,"20960",1,"Murrabit",3.634619
,"20961",20,"Murray-Sunset",5016.449439
,"20962",32,"Murrayville",285.803671
,"20963",7,"Murrindindi",297.011329
,"20965",7,"Murtoa",11.614419
,"20966",2,"Musk",14.392289
,"20967",1,"Myers Flat",13.970199
,"20969",5,"Myrtleford",44.691640
,"20970",2,"Mystic Park",10.353419
,"20973",5,"Nandaly",8.270107
,"20974",11,"Nangiloc",79.861102
,"20976",2,"Napoleons",10.858240
,"20978",2,"Nar Nar Goon North",4.962320
,"20979",1,"Narbethong (Vic.)",367.035003
,"20980",4,"Nareen",1.731111
,"20981",1,"Nariel Valley",1551.699951
,"20982",7,"Naringal",5.072262
,"20983",2,"Narracan",11.514682
,"20984",2,"Narrawong",6.543430
,"20986",1,"Narre Warren East",11.548000
,"20987",1,"Narre Warren North",0.411734
,"20990",7,"Natimuk",66.228984
,"20991",6,"Navarre",63.663599
,"20992",2,"Navigators",1.375723
,"20993",1,"Neerim",6.879209
,"20994",1,"Neerim East",92.738601
,"20995",2,"Neerim South",21.637563
,"20996",2,"Neilborough",21.500325
,"20997",18,"Nelson (Vic.)",349.278974
,"20998",3,"Nerrena",2.146680
,"20999",2,"Nerrina",5.009359
,"21000",8,"Netherby (Vic.)",41.869625
,"21001",1,"New Gisborne",4.788929
,"21003",2,"Newbridge (Vic.)",7.360099
,"21005",4,"Newham",3.779762
,"21007",1,"Newington (Vic.)",0.038192
,"21009",1,"Newlyn North",16.145900
,"21010",6,"Newmerella",48.864518
,"21012",2,"Newry",8.753859
,"21013",3,"Newstead (Vic.)",22.723939
,"21015",6,"Nhill",5.894765
,"21016",2,"Nichols Point",7.743580
,"21017",5,"Nicholson (Vic.)",2.891333
,"21020",1,"Nilma North",0.029645
,"21021",4,"Nirranda",1.946407
,"21024",1,"Noojee",322.558013
,"21027",9,"Norong",15.148199
,"21028",1,"North Bendigo",0.281980
,"21032",5,"North Wangaratta",10.098889
,"21033",1,"North Warrandyte",8.293049
,"21037",2,"Nowa Nowa",387.578912
,"21039",1,"Numurkah",0.203773
,"21040",1,"Nunawading",0.087873
,"21041",6,"Nungurner",50.233827
,"21042",1,"Nutfield",0.044508
,"21043",2,"Nyah",2.442909
,"21044",1,"Nyah West",0.001968
,"21045",3,"Nyora (Vic.)",9.421513
,"21051",4,"Ocean Grange",129.553091
,"21052",2,"Ocean Grove",1.927061
,"21053",1,"Officer",4.364759
,"21054",1,"Olinda (Vic.)",32.729801
,"21055",7,"Omeo",411.995553
,"21056",4,"Orbost",173.802183
,"21058",1,"Orrvale",0.037679
,"21059",2,"Osbornes Flat",5.362050
,"21062",6,"Oxley (Vic.)",6.896785
,"21063",2,"Pakenham",2.366579
,"21065",3,"Pakenham Upper",14.300899
,"21067",2,"Panton Hill",11.924825
,"21068",4,"Paraparap",3.244366
,"21069",1,"Park Orchards",7.111670
,"21075",12,"Patchewollock",378.733312
,"21079",2,"Peechelba",76.719401
,"21081",6,"Pental Island",4.198985
,"21083",2,"Pheasant Creek (Vic.)",32.135018
,"21084",3,"Piangil",17.154754
,"21085",3,"Picola",200.227622
,"21086",6,"Pimpinio",14.563501
,"21087",1,"Pine Grove (Vic.)",6.260980
,"21089",1,"Pioneer Bay",0.001972
,"21090",1,"Pirron Yallock",1.006100
,"21091",2,"Plenty (Vic.)",3.702001
,"21096",8,"Pomborneit",10.270481
,"21097",7,"Pomonal",77.336319
,"21100",2,"Porepunkah",147.211575
,"21101",1,"Port Albert",0.018460
,"21102",5,"Port Campbell",18.024721
,"21103",1,"Port Fairy",0.539231
,"21105",1,"Port Welshpool",0.121169
,"21106",1,"Portarlington",0.937717
,"21107",3,"Portland (Vic.)",3.931331
,"21108",2,"Portland North",0.352540
,"21109",7,"Portland West",23.681900
,"21110",1,"Portsea",7.176030
,"21111",1,"Powelltown",1.254160
,"21115",4,"Princetown",71.006660
,"21116",17,"Puckapunyal",150.561871
,"21117",1,"Purnim",0.175431
,"21118",3,"Pyalong",8.619168
,"21119",6,"Pyramid Hill",7.232748
,"21120",5,"Quambatook",7.190574
,"21122",1,"Quarry Hill",0.281951
,"21123",1,"Queenscliff (Vic.)",0.384959
,"21124",7,"Raglan (Vic.)",156.657625
,"21125",13,"Rainbow",113.204011
,"21127",2,"Ravenswood (Vic.)",3.682724
,"21128",1,"Rawson",0.058958
,"21129",1,"Raymond Island",4.180580
,"21131",8,"Red Cliffs",34.243196
,"21132",3,"Red Hill (Vic.)",7.800239
,"21133",6,"Red Hill South",4.780425
,"21135",2,"Redesdale",3.675040
,"21136",3,"Reedy Creek (Vic.)",17.769062
,"21137",4,"Reedy Flat",400.178553
,"21138",3,"Research",4.136363
,"21140",7,"Rheola",167.811589
,"21141",1,"Rhyll",0.602460
,"21143",1,"Riddells Creek",30.041400
,"21144",3,"Ringwood (Vic.)",0.332945
,"21145",2,"Ringwood East",0.311954
,"21146",1,"Ringwood North",1.958019
,"21151",2,"Robertsons Beach",7.443879
,"21152",3,"Robinvale",8.106475
,"21153",2,"Robinvale Irrigation District Section B",1.498425
,"21154",5,"Robinvale Irrigation District Section C",8.760911
,"21155",6,"Robinvale Irrigation District Section E",12.036347
,"21158",4,"Rokeby (Vic.)",4.689594
,"21159",1,"Rokewood",0.016245
,"21160",2,"Romsey",8.192784
,"21163",2,"Rosebud",2.441324
,"21164",1,"Rosebud West",0.000204
,"21165",5,"Rosedale (Vic.)",95.370118
,"21166",2,"Rosewhite",60.401118
,"21167",1,"Ross Creek (Vic.)",6.978489
,"21168",2,"Rowsley",28.344658
,"21169",1,"Rowville",1.397269
,"21171",19,"Ruffy",21.943238
,"21172",1,"Rupanyup",1.633980
,"21173",4,"Rushworth",126.732390
,"21175",3,"Rutherglen",4.269816
,"21177",1,"Safety Beach (Vic.)",0.013805
,"21178",1,"Sailors Gully",2.744620
,"21181",3,"Sandford (Vic.)",33.113400
,"21183",7,"Sandon (Vic.)",34.244921
,"21185",1,"Sandy Point (Vic.)",0.118717
,"21186",6,"Sarsfield",13.485237
,"21187",1,"Sassafras (Vic.)",3.488310
,"21188",1,"Scarsdale",56.421398
,"21190",4,"Scotts Creek (Vic.)",1.455873
,"21195",2,"Seaspray",0.134315
,"21196",2,"Seaton (Vic.)",29.528539
,"21197",2,"Sebastian",2.640452
,"21198",1,"Sebastopol (Vic.)",0.153861
,"21200",1,"Sedgwick",15.163100
,"21201",1,"Selby",5.774899
,"21203",4,"Serviceton",281.325031
,"21204",5,"Seville",1.804814
,"21205",3,"Seville East",1.206645
,"21206",1,"Seymour (Vic.)",0.655291
,"21207",1,"Shady Creek",5.134679
,"21208",4,"She Oaks",72.548686
,"21209",3,"Shelbourne",10.472629
,"21210",2,"Shelford",0.024177
,"21211",1,"Shepparton",4.792069
,"21212",1,"Shepparton East",0.394089
,"21213",1,"Shepparton North",3.687730
,"21214",1,"Sherbrooke",9.299289
,"21216",2,"Silvan",4.023912
,"21218",3,"Simpson (Vic.)",25.591772
,"21219",4,"Skenes Creek",55.337650
,"21220",1,"Skipton",0.512314
,"21222",2,"Smeaton",0.147821
,"21224",1,"Smiths Gully",10.205499
,"21225",3,"Smythes Creek",3.567129
,"21226",1,"Smythesdale",24.968599
,"21227",2,"Snake Valley",16.014109
,"21229",1,"Somers",0.001630
,"21237",1,"South Morang",0.794708
,"21238",4,"South Purrumbete",4.035177
,"21240",1,"South Yarra",0.031071
,"21241",1,"Southbank",0.017348
,"21243",1,"Spring Gully (Vic.)",7.170979
,"21244",3,"Springbank",14.527994
,"21245",3,"Springhurst",9.289985
,"21250",1,"St Andrews (Vic.)",26.441099
,"21251",2,"St Andrews Beach",1.281001
,"21252",5,"St Arnaud",28.587064
,"21253",1,"St Helena",0.024927
,"21254",1,"St James (Vic.)",0.910287
,"21259",3,"Staghorn Flat",17.182676
,"21261",1,"Stanley (Vic.)",102.856002
,"21262",5,"Stawell",23.218263
,"21263",3,"Steels Creek",18.401353
,"21264",4,"Stony Creek (South Gippsland - Vic.)",4.608542
,"21265",4,"Stradbroke",189.639027
,"21266",6,"Stratford (Vic.)",5.142084
,"21267",5,"Strath Creek",13.969411
,"21268",8,"Strathbogie",64.820575
,"21269",2,"Strathdale",1.321237
,"21270",16,"Strathdownie",400.883712
,"21271",1,"Strathewen",21.736099
,"21272",2,"Strathfieldsaye",9.837486
,"21273",3,"Strathmerton",0.918703
,"21278",7,"Sugarloaf Creek",3.050366
,"21279",1,"Sulky",0.564462
,"21288",3,"Swan Marsh",78.117672
,"21289",2,"Swan Reach (Vic.)",11.428698
,"21290",5,"Swanpool",62.009051
,"21291",6,"Swifts Creek",372.182256
,"21293",1,"Taggerty",31.943799
,"21294",3,"Talbot (Vic.)",112.698109
,"21295",4,"Talgarno",49.421965
,"21297",4,"Tallangatta South",130.531708
,"21298",4,"Tallangatta Valley",233.016997
,"21299",6,"Tallarook",93.651129
,"21301",4,"Tambo Upper",20.846497
,"21302",7,"Taminick",50.697747
,"21304",1,"Tanjil Bren",320.230987
,"21305",5,"Tanjil South",25.772614
,"21306",3,"Taradale (Vic.)",15.518526
,"21307",3,"Tarnagulla",98.141840
,"21309",9,"Tarrawingee",40.452759
,"21311",6,"Tarwin Lower",2.548477
,"21312",5,"Tatong",224.292123
,"21316",1,"Tawonga",183.246994
,"21317",1,"Tawonga South",1.027840
,"21318",2,"Taylor Bay",24.347090
,"21321",1,"Tecoma",1.647680
,"21323",6,"Telopea Downs",632.485081
,"21324",2,"Templestowe",0.600538
,"21326",2,"Tenby Point",4.723422
,"21328",1,"The Basin (Vic.)",3.464780
,"21329",3,"The Gurdies",13.260845
,"21330",1,"The Patch",1.167960
,"21334",3,"Thornton (Vic.)",5.984381
,"21335",1,"Thorpdale",0.038024
,"21336",1,"Three Bridges",95.065498
,"21337",2,"Timboon",3.652652
,"21338",1,"Tinamba",0.108028
,"21339",7,"Tol Tol",13.435155
,"21340",3,"Tolmie",164.066033
,"21341",2,"Tom Groggin",2061.863958
,"21343",2,"Tonimbuk",16.013067
,"21344",7,"Tooborac",27.241186
,"21345",3,"Toolamba",17.112323
,"21346",1,"Toolangi",125.773002
,"21347",4,"Toolern Vale",19.062874
,"21348",4,"Toolleen",66.423702
,"21349",7,"Toolondo",163.289567
,"21350",1,"Toongabbie (Vic.)",113.095001
,"21351",1,"Toora (Vic.)",0.432689
,"21352",6,"Toora North",20.447946
,"21355",1,"Toorloo Arm",0.021175
,"21356",1,"Tootgarook",0.144866
,"21358",6,"Torrumbarry",9.557070
,"21360",3,"Trafalgar (Vic.)",0.811271
,"21361",2,"Trafalgar East",1.761393
,"21362",5,"Trafalgar South",8.108985
,"21363",6,"Tragowel",13.508099
,"21364",2,"Traralgon",3.231080
,"21366",1,"Traralgon South",2.542160
,"21368",4,"Trawalla",2.258811
,"21369",1,"Tremont",5.335350
,"21370",2,"Trentham",43.932999
,"21371",5,"Tresco",2.134616
,"21373",1,"Tuerong",1.015980
,"21377",3,"Tyers",19.879054
,"21378",3,"Tylden",4.158157
,"21380",2,"Tynong North",23.436799
,"21383",11,"Tyrendarra",68.424258
,"21384",6,"Ultima",9.329427
,"21385",4,"Undera",17.804699
,"21387",1,"Upper Ferntree Gully",1.276499
,"21388",1,"Upper Gundowring",213.067993
,"21389",2,"Upper Plenty",14.152699
,"21390",1,"Upwey",5.909510
,"21391",2,"Vectis",1.118826
,"21393",1,"Venus Bay (Vic.)",2.570060
,"21397",2,"Vinifera",3.830316
,"21398",5,"Violet Town",27.709714
,"21401",5,"Wahring",4.219684
,"21402",1,"Waldara",1.357740
,"21403",9,"Walkerville (Vic.)",31.683165
,"21404",5,"Wallan",3.995381
,"21405",3,"Wallington",2.187081
,"21406",10,"Walmer (Vic.)",11.226897
,"21408",39,"Walpeup",695.519930
,"21409",7,"Walwa",314.788571
,"21411",1,"Wandiligong",1.372400
,"21412",1,"Wandin East",0.104042
,"21413",3,"Wandin North",1.393875
,"21414",14,"Wando Vale",149.935693
,"21415",2,"Wandong",0.877844
,"21416",2,"Wangandary",16.296388
,"21417",5,"Wangaratta (Vic.)",2.535938
,"21418",1,"Wangaratta South",8.184530
,"21421",2,"Waranga Shores",5.193006
,"21422",1,"Warburton (Vic.)",51.686401
,"21423",1,"Warncoort",2.108459
,"21425",2,"Warracknabeal",2.855830
,"21428",3,"Warrandyte",9.749608
,"21429",2,"Warrandyte South",1.025759
,"21430",1,"Warranwood",0.847073
,"21431",1,"Warrenbayne",203.970001
,"21432",1,"Warrenheip",0.555305
,"21436",5,"Wartook",30.606974
,"21443",4,"Wattle Glen",3.483939
,"21444",5,"Waubra",7.298766
,"21446",9,"Wedderburn (Vic.)",59.197860
,"21447",2,"Wellsford",79.294246
,"21448",5,"Welshmans Reef",45.231130
,"21449",10,"Welshpool (Vic.)",8.306381
,"21450",23,"Wemen",176.178348
,"21451",1,"Wendouree",0.001435
,"21454",33,"Werrimull",62.332263
,"21455",2,"Wesburn",251.915675
,"21456",1,"West Bendigo",0.807951
,"21461",2,"Wharparilla",2.249414
,"21462",1,"Wheatsheaf",26.147199
,"21464",2,"White Hills (Vic.)",1.515907
,"21465",4,"Whiteheads Creek",12.017729
,"21466",12,"Whitfield (Vic.)",243.400180
,"21468",1,"Whittlesea",51.706100
,"21469",7,"Whorouly",43.178640
,"21470",3,"Wilby",3.614150
,"21472",4,"Willaura",287.548674
,"21476",2,"Willow Grove",13.675665
,"21477",4,"Willowmavin",15.264983
,"21478",12,"Willung South",306.303943
,"21479",1,"Wilsons Promontory",443.282012
,"21482",2,"Winchelsea South",18.266236
,"21483",1,"Windermere (Vic.)",0.045374
,"21486",4,"Winton (Vic.)",1.477073
,"21487",2,"Wodonga",1.530687
,"21489",3,"Won Wron",109.513951
,"21490",3,"Wonga Park",9.028340
,"21492",2,"Wood Wood",8.046361
,"21493",3,"Woodend (Vic.)",24.189913
,"21496",10,"Woodside (Vic.)",46.264572
,"21498",3,"Woodvale (Vic.)",38.789414
,"21500",1,"Woolsthorpe",0.623341
,"21502",4,"Wooragee",40.897715
,"21503",2,"Woorarra West",61.257791
,"21504",4,"Woori Yallock",2.974379
,"21508",1,"Wunghnu",0.088141
,"21510",4,"Wy Yung",3.317519
,"21511",2,"Wycheproof",4.876459
,"21512",2,"Wye River",285.783917
,"21514",4,"Wyuna (Vic.)",3.576214
,"21516",5,"Yackandandah",80.249668
,"21517",1,"Yalca",86.479301
,"21520",5,"Yallourn North",30.031902
,"21521",1,"Yambuk",0.009760
,"21522",2,"Yan Yean",9.403350
,"21523",2,"Yanakie",2.046277
,"21524",5,"Yandoit",45.005516
,"21526",3,"Yapeen",10.757290
,"21527",11,"Yarck",48.950532
,"21528",3,"Yarra Glen",2.755584
,"21529",1,"Yarra Junction",3.808020
,"21530",1,"Yarragon",0.003661
,"21531",3,"Yarragon South",47.326468
,"21532",3,"Yarram",9.789606
,"21533",3,"Yarrambat",3.278100
,"21535",1,"Yarrawonga (Vic.)",0.864033
,"21537",8,"Yea",4.688333
,"21538",3,"Yellingbo",11.428578
,"21539",1,"Yelta (Vic.)",2.594280
,"21540",3,"Yendon",2.969636
,"21541",2,"Yinnar",3.232125
,"21542",3,"Yinnar South",15.661490
,"21543",3,"Yulecart",0.851316
,"40131",1,"Coonawarra (SA)",0.071101
,"40158",1,"Donovans",0.102228
,"40234",1,"Glenburnie",1.319730
,"40323",2,"Kalangadoo",0.075364
,"40431",1,"Mingbool",0.001832
,"40567",1,"Penola",0.000073
