SSC_CODE,SSC_NAME,Sport_Facilities
20001,Abbotsford (Vic.),6
20002,Aberfeldie,11
20004,Aireys Inlet,6
20005,Airport West,11
20006,Albanvale,1
20007,Albert Park (Vic.),32
20009,Albion (Vic.),9
20010,Alexandra (Vic.),17
20011,Alfredton,7
20012,Allansford,9
20015,Alphington,9
20016,Altona (Vic.),18
20017,Altona Meadows,21
20018,Altona North,29
20019,Amphitheatre,3
20020,Anakie,3
20021,Anglesea,11
20022,Apollo Bay (Vic.),11
20023,Apsley (Vic.),5
20024,Ararat,33
20025,Arcadia (Vic.),1
20026,Ardeer,3
20027,Ardmona,3
20028,Armadale (Vic.),9
20029,Arthurs Creek,1
20032,Ascot (Greater Bendigo - Vic.),2
20033,Ascot Vale,17
20035,Ashburton,20
20036,Ashwood,9
20037,Aspendale,12
20039,Athlone,1
20041,Avalon (Vic.),1
20042,Avenel,7
20043,Avoca (Vic.),8
20044,Avondale Heights,6
20047,Axedale,4
20048,Bacchus Marsh,7
20050,Badger Creek,1
20051,Bagshot,2
20053,Bairnsdale,25
20056,Ballan,9
20057,Ballarat Central,13
20058,Ballarat East,15
20059,Ballarat North,12
20062,Balmattum,1
20063,Balmoral (Vic.),6
20064,Balnarring,6
20065,Balnarring Beach,2
20066,Balwyn,5
20067,Balwyn North,36
20068,Bamawm,7
20069,Bamawm Extension,3
20070,Bandiana,1
20071,Bangholme,4
20072,Bannockburn (Vic.),22
20073,Baranduda,4
20074,Baringhup,3
20078,Barnawartha,4
20079,Barnawartha North,7
20080,Barongarook,2
20082,Barrabool,1
20083,Barwon Downs,3
20084,Barwon Heads,14
20085,Bass,3
20086,Batesford,3
20088,Baw Baw Village,1
20092,Bayswater (Vic.),23
20093,Bayswater North,8
20094,Beaconsfield (Vic.),13
20095,Beaconsfield Upper,8
20096,Bealiba,4
20098,Beaufort (Vic.),9
20099,Beaumaris (Vic.),18
20101,Beech Forest,5
20102,Beechworth,11
20103,Belgrave,4
20105,Belgrave South,4
20106,Bell Park,4
20107,Bell Post Hill,7
20108,Bellbrae,3
20109,Bellbridge,1
20110,Bellfield (Banyule - Vic.),4
20112,Belmont (Vic.),30
20113,Bemm River,1
20115,Benalla,28
20116,Benambra,3
20118,Bendigo,30
20120,Bentleigh,17
20121,Bentleigh East,31
20123,Berringa,2
20124,Berriwillock,7
20125,Berwick,21
20129,Bethanga,5
20130,Beulah (Vic.),9
20132,Beveridge,3
20134,Big Hill (Greater Bendigo - Vic.),1
20135,Binginwarri,2
20136,Birchip,12
20138,Birregurra,5
20139,Bittern,7
20140,Black Hill (Vic.),3
20141,Black Rock (Vic.),10
20142,Blackburn,11
20143,Blackburn North,4
20144,Blackburn South,6
20145,Blackwood (Vic.),1
20146,Blairgowrie,3
20149,Boisdale,3
20150,Bolwarra (Vic.),1
20151,Bonbeach,9
20152,Bonegilla,1
20153,Boneo,9
20154,Bonnie Doon (Vic.),3
20157,Boolarra,9
20161,Boorhaman,2
20162,Boort,11
20163,Boronia,36
20167,Bowenvale,1
20168,Box Hill (Vic.),27
20169,Box Hill North,6
20170,Box Hill South,7
20172,Branxholme,4
20173,Braybrook,20
20174,Breakwater,9
20175,Breamlea,4
20176,Briagolong,6
20179,Bridgewater On Loddon,6
20180,Bright (Vic.),14
20181,Brighton (Vic.),38
20182,Brighton East,16
20183,Brim,6
20184,Brimpaen,2
20185,Broadford,17
20186,Broadmeadows (Vic.),17
20188,Brookfield (Vic.),3
20189,Brooklyn (Vic.),2
20191,Brown Hill (Vic.),7
20193,Brunswick (Vic.),24
20194,Brunswick East,9
20195,Brunswick West,8
20196,Bruthen,6
20197,Buangor,3
20198,Buchan,6
20200,Buffalo,2
20203,Bulla (Vic.),3
20204,Bulleen,22
20205,Bullengarook,6
20207,Buln Buln,5
20209,Bunbartha,1
20211,Bundalong,1
20212,Bundoora (Vic.),36
20213,Bungaree (Vic.),2
20214,Buninyong,7
20216,Bunyip,10
20217,Burnley,11
20219,Burnside Heights,3
20221,Burrumbeet,2
20222,Burwood (Vic.),16
20223,Burwood East,11
20224,Bushfield,4
20225,Buxton (Vic.),1
20226,Byaduk,2
20227,Byawatha,1
20228,Byrneside,3
20229,Cabarita (Vic.),1
20230,Cairnlea,5
20233,California Gully,3
20234,Calivil,13
20235,Callignee,2
20237,Camberwell (Vic.),17
20239,Campbellfield,3
20240,Campbells Creek,7
20241,Camperdown (Vic.),18
20242,Canadian,1
20243,Cann River,2
20245,Canterbury (Vic.),2
20246,Cape Bridgewater,4
20247,Cape Paterson,4
20248,Cape Schanck,1
20249,Cape Woolamai,1
20250,Caramut,3
20251,Carapooee,2
20252,Carboor,2
20255,Cardinia,3
20256,Cardross,3
20257,Carisbrook,7
20259,Carlton (Vic.),13
20260,Carlton North,8
20261,Carnegie,17
20263,Caroline Springs,20
20265,Carrum,5
20266,Carrum Downs,14
20268,Casterton,15
20270,Castlemaine,28
20271,Catani,5
20272,Cathcart (Vic.),1
20273,Caulfield,2
20274,Caulfield East,9
20275,Caulfield North,11
20276,Caulfield South,13
20277,Cavendish,3
20278,Ceres,2
20279,Chadstone,6
20280,Charlton (Vic.),14
20281,Chelsea,9
20282,Chelsea Heights,9
20283,Cheltenham (Vic.),26
20285,Cheshunt,1
20286,Chewton,5
20288,Chiltern,8
20289,Chirnside Park,9
20290,Christmas Hills (Vic.),1
20292,Churchill (Vic.),16
20293,Clarendon (Vic.),1
20294,Clarinda,1
20295,Clarkefield,4
20296,Clayton,23
20297,Clayton South,13
20300,Clifton Hill,15
20301,Clifton Springs,6
20304,Clunes (Vic.),12
20305,Clyde (Vic.),3
20306,Cobains,1
20307,Cobden,13
20308,Cobram,18
20309,Cobram East,2
20310,Cobrico,2
20311,Coburg,19
20312,Coburg North,14
20313,Cockatoo (Vic.),13
20315,Cohuna,19
20317,Colac,23
20318,Colac East,2
20320,Colbinabbin,8
20321,Coldstream (Vic.),7
20322,Coleraine,12
20323,Colignan,1
20324,Collingwood (Vic.),7
20325,Concongella,1
20326,Condah,2
20327,Congupna,4
20328,Connewarre,7
20329,Coolaroo,11
20332,Cora Lynn,5
20334,Corinella (Vic.),3
20335,Corio,16
20336,Coronet Bay,2
20338,Cororooke,1
20339,Corryong,6
20341,Cowes,16
20342,Cowwarr,4
20343,Craigieburn,27
20344,Cranbourne,28
20345,Cranbourne East,21
20346,Cranbourne North,2
20347,Cranbourne South,3
20348,Cranbourne West,1
20349,Cremorne (Vic.),4
20350,Cressy (Vic.),5
20351,Creswick,12
20352,Crib Point,8
20354,Croydon (Vic.),45
20355,Croydon Hills,2
20356,Croydon North,6
20357,Croydon South,3
20359,Cudgewa,3
20360,Culgoa,7
20361,Curlewis (Vic.),1
20362,Daisy Hill (Vic.),1
20364,Dallas,5
20366,Dandenong,34
20367,Dandenong North,9
20368,Dandenong South,1
20370,Darley,6
20371,Darnum,5
20373,Dartmoor (Vic.),5
20374,Daylesford,16
20375,Dean,2
20376,Deans Marsh,4
20377,Dederang,6
20378,Deep Lead,3
20379,Deepdene (Vic.),5
20380,Deer Park,14
20381,Delacombe,3
20382,Delahey,3
20384,Dennington,4
20386,Derrimut,3
20387,Derrinallum,5
20388,Devenish,2
20389,Devon Meadows,12
20392,Dhurringile,1
20393,Diamond Creek,23
20394,Digby,1
20395,Diggers Rest,5
20396,Diggora,1
20397,Dimboola,13
20398,Dingee,3
20399,Dingley Village,25
20401,Dixons Creek,1
20402,Docklands,6
20404,Donald,19
20405,Doncaster,18
20406,Doncaster East,19
20407,Donvale,18
20408,Dookie,7
20409,Doreen,5
20410,Douglas (Vic.),1
20411,Doveton,17
20412,Dreeite,3
20413,Dromana,6
20414,Drouin,23
20416,Drouin South,1
20417,Drouin West,1
20418,Drumborg,3
20419,Drumcondra,1
20421,Drung,6
20422,Drysdale,10
20423,Dumbalk,3
20424,Dunkeld (Vic.),8
20425,Dunnstown,5
20426,Dunolly (Vic.),11
20429,Eaglehawk,24
20431,East Bairnsdale,6
20432,East Bendigo,4
20433,East Geelong,6
20438,Eastwood (Vic.),3
20440,Echuca,27
20441,Echuca Village,3
20443,Ecklin South,1
20445,Edenhope,11
20446,Edithvale,10
20448,Eildon,5
20449,Elaine,3
20450,Eldorado,2
20451,Ellerslie (Vic.),1
20452,Elliminyt,15
20453,Ellinbank,1
20454,Elmhurst,3
20455,Elmore,10
20456,Elphinstone (Vic.),3
20457,Elsternwick,5
20458,Eltham (Vic.),20
20459,Eltham North,2
20460,Elwood,8
20461,Emerald (Vic.),11
20463,Endeavour Hills,25
20464,Enfield (Vic.),2
20465,Eppalock,1
20466,Epping (Vic.),30
20468,Erica,1
20469,Eskdale (Vic.),4
20470,Essendon,26
20472,Essendon North,4
20473,Essendon West,1
20474,Eumemmerring,7
20475,Eureka (Vic.),1
20476,Euroa,15
20478,Everton,3
20479,Eynesbury,4
20480,Fairfield (Vic.),15
20481,Fairhaven,1
20484,Fawkner,12
20485,Fernbank,5
20486,Ferntree Gully,32
20488,Fingal (Vic.),4
20489,Fish Creek,7
20490,Fitzroy (Vic.),22
20491,Fitzroy North,14
20492,Flemington,3
20493,Flinders (Vic.),5
20494,Flora Hill,8
20495,Flowerdale (Vic.),4
20496,Footscray,33
20497,Forest Hill (Vic.),7
20498,Forge Creek,2
20499,Forrest (Vic.),6
20500,Foster,9
20502,Frankston,53
20503,Frankston North,9
20504,Frankston South,21
20507,Freshwater Creek,2
20509,Fulham (Vic.),1
20511,Gannawarra,1
20512,Gapsted,1
20514,Garfield (Vic.),9
20515,Garfield North,1
20516,Garibaldi,2
20518,Geelong,11
20519,Geelong West,8
20520,Gellibrand,5
20521,Gembrook,1
20522,Genoa,4
20526,Gheringhap,1
20527,Girgarre,4
20528,Gisborne,15
20529,Gisborne South,3
20530,Gladstone Park,12
20531,Gladysdale,1
20532,Glen Alvie,1
20533,Glen Huntly,1
20534,Glen Iris (Vic.),32
20535,Glen Waverley,33
20539,Glengarry (Vic.),5
20541,Glenisla,1
20542,Glenlyon (Vic.),1
20544,Glenorchy (Vic.),2
20546,Glenrowan,4
20547,Glenroy (Vic.),13
20548,Glenthompson,4
20549,Gnarwarre,1
20550,Golden Beach (Vic.),3
20551,Golden Gully,5
20552,Golden Point (Ballarat - Vic.),6
20553,Golden Square,18
20556,Goorambat,4
20557,Goornong,3
20559,Gordon (Vic.),5
20560,Gormandale,3
20561,Goroke,7
20563,Gowanbrae,1
20566,Grantville,1
20567,Grassdale (Vic.),2
20569,Great Western,6
20570,Greendale (Vic.),2
20571,Greensborough,34
20572,Greenvale (Vic.),11
20573,Greta South,8
20575,Grovedale,16
20576,Gruyere,2
20577,Guildford (Vic.),3
20578,Gunbower,5
20579,Gundowring,2
20580,Guys Hill,1
20581,Haddon,10
20582,Hadfield,5
20583,Hallam,9
20584,Hallora,3
20585,Halls Gap,6
20587,Hamilton (Vic.),35
20588,Hamlyn Heights,5
20589,Hampton (Vic.),25
20590,Hampton East,4
20591,Hampton Park,12
20592,Harcourt,13
20593,Harcourt North,1
20594,Harkaway,2
20595,Harmers Haven,5
20596,Harrietville,1
20597,Harrow,6
20599,Hastings (Vic.),14
20601,Haven,4
20602,Hawkesdale,6
20603,Hawthorn (Vic.),23
20604,Hawthorn East,23
20609,Healesville,13
20611,Heathcote (Vic.),9
20613,Heatherton,5
20614,Heathmere,3
20615,Heathmont,11
20616,Heidelberg,11
20617,Heidelberg Heights,4
20618,Heidelberg West,11
20619,Hepburn,4
20621,Herne Hill (Vic.),8
20624,Hexham (Vic.),1
20625,Heyfield,11
20626,Heywood,13
20627,Highett,18
20629,Highton,17
20632,Hillside (Melton - Vic.),6
20633,Hmas Cerberus,3
20634,Hoddles Creek,2
20635,Hopetoun (Vic.),8
20637,Hoppers Crossing,35
20638,Horsham,40
20641,Howqua Inlet,2
20642,Hughesdale,2
20643,Humevale,2
20646,Huntly,4
20647,Huon,2
20649,Hurstbridge,8
20651,Indented Head,1
20653,Inglewood (Vic.),10
20654,Invergordon (Vic.),3
20655,Inverleigh,8
20656,Inverloch,15
20657,Invermay (Vic.),4
20658,Invermay Park,2
20659,Iona,1
20660,Ironbark (Vic.),6
20661,Irrewarra,4
20662,Irymple (Vic.),15
20663,Ivanhoe (Vic.),20
20664,Ivanhoe East,5
20666,Jack River,3
20668,Jamieson (Vic.),1
20669,Jan Juc,8
20672,Jeparit,9
20673,Jindivick,2
20674,Johanna,1
20676,Junction Village,2
20679,Kaarimba,1
20682,Kalorama,4
20683,Kangaroo Flat (Vic.),9
20684,Kangaroo Ground,3
20685,Kaniva,15
20688,Katamatite,4
20689,Katandra West,5
20690,Katunga,6
20691,Kealba,3
20693,Keilor,5
20694,Keilor Downs,11
20695,Keilor East,18
20697,Keilor North,1
20698,Keilor Park,9
20699,Kennington,7
20700,Kensington (Vic.),17
20701,Kerang,17
20703,Kew (Vic.),14
20704,Kew East,13
20705,Keysborough,26
20706,Kialla,20
20707,Kialla East,1
20708,Kialla West,3
20711,Kilmore,12
20712,Kilmore East,1
20713,Kilsyth,11
20714,Kilsyth South,2
20715,King Valley,1
20716,Kinglake,2
20717,Kinglake Central,9
20718,Kinglake West,6
20719,Kings Park (Vic.),4
20720,Kingsbury,8
20721,Kingston (Vic.),7
20725,Knowsley,1
20726,Knoxfield,24
20729,Koo Wee Rup,8
20730,Koondrook,3
20732,Koonwarra,2
20733,Koorlong,1
20734,Kooyong,8
20736,Koroit,7
20737,Korong Vale,2
20738,Korumburra,13
20741,Koyuga,3
20742,Krowera,1
20743,Kurunjang,5
20744,Kyabram,23
20745,Kyneton,21
20746,Kyvalley,1
20751,Lake Boga,5
20752,Lake Bolac,9
20754,Lake Charm,8
20755,Lake Gardens,9
20758,Lake Wendouree,10
20759,Lakes Entrance,18
20761,Lalbert,7
20762,Lalor,15
20763,Lancaster,2
20765,Lancefield,9
20766,Landsborough (Vic.),3
20767,Lang Lang,11
20768,Langkoop,1
20769,Langwarrin,12
20770,Langwarrin South,1
20771,Lara,16
20772,Larpent,1
20774,Launching Place,4
20776,Laverton (Vic.),2
20777,Laverton North,3
20778,Learmonth (Vic.),4
20779,Leichardt,1
20780,Leitchville,6
20781,Lemnos,3
20783,Leongatha,26
20784,Leongatha North,1
20785,Leongatha South,2
20786,Leopold,10
20787,Lethbridge,4
20788,Lexton,4
20790,Lilydale (Vic.),16
20791,Lindenow,5
20792,Lindenow South,5
20793,Linton,9
20794,Lismore (Vic.),8
20796,Little River (Vic.),11
20797,Loch,5
20798,Loch Sport,6
20799,Lockington,9
20800,Lockwood,1
20801,Lockwood South,3
20803,Long Gully,3
20804,Longford (Vic.),3
20805,Longlea,2
20806,Longwarry,5
20807,Longwood (Vic.),5
20808,Lorne (Vic.),18
20809,Lovely Banks,2
20810,Lower Plenty,5
20811,Lucknow (Vic.),11
20814,Lynbrook,4
20817,Lysterfield,5
20819,Macarthur (Vic.),8
20820,Macclesfield (Vic.),1
20821,Macedon,12
20822,Macleod (Vic.),20
20823,Maddingley,12
20824,Maffra (Vic.),19
20825,Magpie,3
20826,Maiden Gully,3
20827,Maidstone,9
20829,Main Ridge,4
20831,Maldon (Vic.),9
20832,Mallacoota,8
20834,Malvern (Vic.),10
20835,Malvern East,29
20836,Manangatang,7
20837,Mandurang,3
20840,Manifold Heights,2
20842,Mannibadar,1
20844,Mansfield (Vic.),24
20845,Marcus Hill,1
20847,Maribyrnong,8
20848,Markwood,1
20849,Marlo,1
20850,Marnoo,7
20851,Marong,12
20853,Maryborough (Vic.),35
20854,Maryknoll,2
20855,Marysville,8
20856,Maude (Vic.),5
20857,McCrae,2
20864,Meadow Heights,1
20865,Meeniyan,7
20867,Melbourne,42
20868,Melbourne Airport,1
20869,Melton (Vic.),15
20870,Melton South,15
20871,Melton West,16
20872,Mentone,7
20873,Menzies Creek,2
20875,Merbein,10
20876,Merbein South,1
20877,Meredith,7
20879,Merino,4
20880,Mernda,4
20882,Merrigum,7
20883,Merrijig (Mansfield - Vic.),2
20885,Merton,1
20886,Metcalfe,1
20887,Metung,4
20888,Mia Mia (Vic.),2
20892,Milawa,6
20893,Mildura,30
20894,Mill Park,21
20895,Millbrook (Vic.),5
20896,Millgrove,2
20897,Miners Rest,1
20898,Minimay,1
20899,Minyip,9
20900,Mirboo,4
20901,Mirboo North,11
20902,Mitcham (Vic.),11
20904,Mitta Mitta,5
20905,Modewarre,3
20906,Moe,13
20908,Monbulk,12
20911,Mont Albert North,12
20912,Montmorency,9
20913,Montrose (Vic.),8
20914,Moolap,3
20915,Moonambel,7
20916,Moonee Ponds,22
20917,Moorabbin,10
20920,Moorooduc,4
20921,Mooroolbark,12
20922,Mooroopna,19
20923,Mooroopna North,1
20924,Mordialloc,10
20925,Moriac,3
20926,Mornington (Vic.),38
20928,Mortlake (Vic.),7
20929,Morwell,33
20931,Mount Beauty,20
20932,Mount Buller,2
20934,Mount Clear,6
20935,Mount Cottrell,3
20937,Mount Duneed,4
20938,Mount Egerton,3
20939,Mount Eliza,10
20940,Mount Evelyn,11
20941,Mount Franklin,1
20942,Mount Helen,6
20943,Mount Macedon,1
20944,Mount Martha,13
20945,Mount Moriac,6
20946,Mount Pleasant (Vic.),2
20947,Mount Rowan,1
20949,Mount Waverley,26
20950,Moutajup,1
20951,Moyhu,8
20952,Moyston,4
20953,Muckleford,2
20954,Mudgegonga,2
20955,Mulgrave (Vic.),9
20956,Munro,1
20957,Murchison (Vic.),6
20958,Murchison East,1
20959,Murgheboluc,1
20960,Murrabit,6
20962,Murrayville,10
20963,Murrindindi,1
20964,Murrumbeena,10
20965,Murtoa,10
20968,Myrniong,2
20969,Myrtleford,18
20970,Mystic Park,3
20971,Nagambie,9
20973,Nandaly,2
20974,Nangiloc,5
20975,Nanneella,1
20976,Napoleons,2
20977,Nar Nar Goon,5
20978,Nar Nar Goon North,1
20979,Narbethong (Vic.),4
20980,Nareen,2
20985,Narre Warren,22
20986,Narre Warren East,4
20987,Narre Warren North,10
20988,Narre Warren South,9
20989,Nathalia,13
20990,Natimuk,10
20991,Navarre,4
20992,Navigators,1
20993,Neerim,2
20995,Neerim South,8
20997,Nelson (Vic.),1
20998,Nerrena,2
21000,Netherby (Vic.),2
21001,New Gisborne,5
21002,Newborough,23
21003,Newbridge (Vic.),3
21004,Newcomb,4
21005,Newham,1
21006,Newhaven,4
21007,Newington (Vic.),9
21010,Newmerella,1
21011,Newport (Vic.),22
21012,Newry,7
21013,Newstead (Vic.),7
21014,Newtown (Greater Geelong - Vic.),14
21015,Nhill,16
21016,Nichols Point,4
21021,Nirranda,3
21022,Noble Park,18
21023,Noble Park North,6
21024,Noojee,1
21025,Noorat,3
21026,Norlane,17
21028,North Bendigo,4
21029,North Geelong,14
21030,North Melbourne,11
21032,North Wangaratta,4
21035,Northcote,17
21036,Notting Hill,4
21037,Nowa Nowa,1
21039,Numurkah,19
21040,Nunawading,13
21041,Nungurner,1
21043,Nyah,6
21044,Nyah West,2
21045,Nyora (Vic.),6
21046,Oak Park,8
21047,Oaklands Junction,1
21048,Oakleigh,23
21049,Oakleigh East,4
21050,Oakleigh South,11
21052,Ocean Grove,18
21053,Officer,6
21054,Olinda (Vic.),5
21055,Omeo,6
21056,Orbost,11
21057,Ormond,12
21058,Orrvale,1
21060,Outtrim,7
21061,Ouyen,10
21062,Oxley (Vic.),2
21063,Pakenham,25
21064,Pakenham South,2
21065,Pakenham Upper,3
21066,Panmure,4
21067,Panton Hill,3
21068,Paraparap,1
21069,Park Orchards,11
21070,Parkdale,20
21071,Parkville (Vic.),19
21073,Pascoe Vale,10
21074,Pascoe Vale South,7
21075,Patchewollock,10
21076,Patterson Lakes,1
21077,Paynesville (Vic.),6
21078,Pearcedale,7
21079,Peechelba,4
21080,Penshurst (Vic.),8
21082,Peterborough (Vic.),1
21085,Picola,6
21086,Pimpinio,9
21088,Pine Lodge (Vic.),3
21091,Plenty (Vic.),5
21093,Point Cook,25
21094,Point Leo,2
21095,Point Lonsdale,8
21097,Pomonal,2
21098,Poowong,6
21100,Porepunkah,3
21102,Port Campbell,5
21103,Port Fairy,17
21104,Port Melbourne,21
21105,Port Welshpool,1
21106,Portarlington,9
21107,Portland (Vic.),39
21109,Portland West,2
21110,Portsea,4
21111,Powelltown,3
21112,Prahran,14
21113,Preston (Vic.),28
21114,Princes Hill,4
21115,Princetown,2
21117,Purnim,5
21118,Pyalong,5
21119,Pyramid Hill,9
21120,Quambatook,9
21121,Quantong,4
21122,Quarry Hill,7
21123,Queenscliff (Vic.),9
21124,Raglan (Vic.),1
21125,Rainbow,9
21127,Ravenswood (Vic.),2
21128,Rawson,6
21130,Raywood,6
21131,Red Cliffs,10
21132,Red Hill (Vic.),4
21133,Red Hill South,1
21134,Redan,11
21135,Redesdale,2
21137,Reedy Flat,5
21138,Research,7
21139,Reservoir (Vic.),46
21141,Rhyll,3
21142,Richmond (Vic.),31
21143,Riddells Creek,6
21144,Ringwood (Vic.),35
21145,Ringwood East,8
21146,Ringwood North,7
21147,Ripplebrook,1
21150,Riverside (Vic.),1
21151,Robertsons Beach,1
21152,Robinvale,13
21156,Rochester (Vic.),16
21157,Rockbank,5
21158,Rokeby (Vic.),1
21159,Rokewood,11
21160,Romsey,11
21161,Rosanna,5
21162,Rosebrook (Vic.),2
21163,Rosebud,12
21164,Rosebud West,10
21165,Rosedale (Vic.),9
21167,Ross Creek (Vic.),2
21168,Rowsley,3
21169,Rowville,38
21170,Roxburgh Park,5
21171,Ruffy,2
21172,Rupanyup,6
21173,Rushworth,7
21175,Rutherglen,14
21176,Rye,7
21177,Safety Beach (Vic.),2
21179,Sale,50
21180,San Remo (Vic.),4
21181,Sandford (Vic.),3
21182,Sandhurst,2
21184,Sandringham (Vic.),19
21185,Sandy Point (Vic.),2
21186,Sarsfield,3
21187,Sassafras (Vic.),2
21189,Scoresby,11
21190,Scotts Creek (Vic.),4
21191,Sea Lake,9
21192,Seabrook,2
21193,Seaford (Vic.),33
21194,Seaholme,5
21195,Seaspray,3
21197,Sebastian,2
21198,Sebastopol (Vic.),18
21201,Selby,1
21202,Serpentine (Vic.),6
21203,Serviceton,2
21204,Seville,5
21206,Seymour (Vic.),24
21207,Shady Creek,1
21210,Shelford,2
21211,Shepparton,48
21212,Shepparton East,5
21213,Shepparton North,1
21215,Shoreham,2
21216,Silvan,3
21218,Simpson (Vic.),6
21220,Skipton,10
21221,Skye (Vic.),3
21222,Smeaton,2
21224,Smiths Gully,1
21226,Smythesdale,11
21227,Snake Valley,5
21228,Soldiers Hill (Vic.),1
21229,Somers,4
21230,Somerton (Vic.),2
21231,Somerville (Vic.),18
21232,Sorrento (Vic.),10
21233,South Dudley,1
21234,South Geelong,5
21235,South Kingsville,2
21236,South Melbourne,1
21237,South Morang,5
21240,South Yarra,27
21241,Southbank,2
21242,Spotswood,6
21243,Spring Gully (Vic.),4
21244,Springbank,1
21245,Springhurst,2
21246,Springvale (Vic.),14
21247,Springvale South,9
21248,St Albans (Vic.),21
21250,St Andrews (Vic.),2
21252,St Arnaud,13
21253,St Helena,2
21254,St James (Vic.),3
21255,St Kilda (Vic.),11
21256,St Kilda East,3
21258,St Leonards (Vic.),10
21259,Staghorn Flat,1
21260,Stanhope (Vic.),8
21261,Stanley (Vic.),1
21262,Stawell,21
21264,Stony Creek (South Gippsland - Vic.),3
21265,Stradbroke,1
21266,Stratford (Vic.),10
21267,Strath Creek,2
21268,Strathbogie,5
21269,Strathdale,5
21271,Strathewen,2
21272,Strathfieldsaye,12
21273,Strathmerton,9
21274,Strathmore (Vic.),6
21275,Strathmore Heights,4
21276,Streatham,6
21279,Sulky,1
21280,Sunbury,45
21282,Sunshine (Vic.),17
21283,Sunshine North,6
21284,Sunshine West,13
21286,Surrey Hills,6
21287,Swan Hill,35
21288,Swan Marsh,6
21289,Swan Reach (Vic.),4
21290,Swanpool,5
21291,Swifts Creek,6
21292,Sydenham (Vic.),6
21294,Talbot (Vic.),11
21296,Tallangatta,9
21299,Tallarook,5
21300,Tallygaroopna,5
21303,Tangambalanga,5
21305,Tanjil South,1
21306,Taradale (Vic.),2
21307,Tarnagulla,2
21308,Tarneit,9
21309,Tarrawingee,7
21310,Tarrington,2
21311,Tarwin Lower,6
21312,Tatong,3
21313,Tatura,20
21315,Tatyoon,6
21316,Tawonga,1
21318,Taylor Bay,1
21320,Taylors Lakes,11
21322,Teesdale (Vic.),7
21324,Templestowe,18
21325,Templestowe Lower,9
21326,Tenby Point,2
21327,Terang,19
21328,The Basin (Vic.),3
21329,The Gurdies,1
21331,Thomastown,22
21332,Thomson (Greater Geelong - Vic.),10
21333,Thornbury,18
21334,Thornton (Vic.),3
21335,Thorpdale,7
21337,Timboon,15
21338,Tinamba,2
21340,Tolmie,2
21342,Tongala,14
21344,Tooborac,1
21345,Toolamba,2
21346,Toolangi,2
21347,Toolern Vale,11
21348,Toolleen,4
21349,Toolondo,3
21350,Toongabbie (Vic.),7
21351,Toora (Vic.),6
21353,Tooradin,7
21354,Toorak,16
21357,Torquay (Vic.),40
21360,Trafalgar (Vic.),16
21361,Trafalgar East,1
21363,Tragowel,6
21364,Traralgon,36
21365,Traralgon East,2
21366,Traralgon South,3
21370,Trentham,8
21371,Tresco,1
21372,Truganina,6
21373,Tuerong,2
21374,Tullamarine,20
21375,Tungamah,5
21376,Tyabb,6
21377,Tyers,3
21378,Tylden,3
21379,Tynong,3
21381,Tyntynder,1
21382,Tyntynder South,1
21383,Tyrendarra,6
21384,Ultima,3
21385,Undera,3
21386,Underbool,7
21387,Upper Ferntree Gully,8
21390,Upwey,9
21391,Vectis,4
21392,Ventnor (Vic.),3
21393,Venus Bay (Vic.),1
21394,Vermont,4
21395,Vermont South,20
21396,Viewbank,4
21397,Vinifera,1
21398,Violet Town,10
21399,Waaia,5
21401,Wahring,1
21402,Waldara,1
21404,Wallan,20
21405,Wallington,4
21408,Walpeup,5
21409,Walwa,4
21410,Wandana Heights,3
21412,Wandin East,4
21413,Wandin North,3
21414,Wando Vale,3
21415,Wandong,9
21416,Wangandary,1
21417,Wangaratta (Vic.),47
21419,Wantirna,20
21420,Wantirna South,22
21421,Waranga Shores,1
21422,Warburton (Vic.),6
21423,Warncoort,1
21424,Warneet,6
21425,Warracknabeal,19
21426,Warragul,47
21427,Warragul South,6
21428,Warrandyte,6
21429,Warrandyte South,4
21431,Warrenbayne,1
21433,Warrion,2
21434,Warrnambool,80
21435,Warrong,1
21436,Wartook,4
21437,Watchem,2
21440,Watsonia,9
21441,Watsonia North,2
21442,Wattle Bank,1
21444,Waubra,4
21445,Waurn Ponds,15
21446,Wedderburn (Vic.),8
21447,Wellsford,1
21448,Welshmans Reef,3
21449,Welshpool (Vic.),7
21451,Wendouree,34
21452,Werribee,39
21453,Werribee South,6
21454,Werrimull,4
21455,Wesburn,4
21456,West Bendigo,3
21457,West Footscray,14
21458,West Melbourne,6
21459,West Wodonga,18
21460,Westmeadows,11
21463,Wheelers Hill,18
21464,White Hills (Vic.),7
21466,Whitfield (Vic.),6
21467,Whittington,7
21468,Whittlesea,12
21469,Whorouly,4
21470,Wilby,2
21472,Willaura,6
21474,Williamstown (Vic.),24
21475,Williamstown North,4
21476,Willow Grove,4
21481,Winchelsea,12
21482,Winchelsea South,1
21484,Windsor (Vic.),1
21485,Winslow,2
21486,Winton (Vic.),2
21487,Wodonga,31
21488,Wollert,2
21490,Wonga Park,5
21491,Wonthaggi,20
21493,Woodend (Vic.),22
21494,Woodend North,2
21496,Woodside (Vic.),4
21497,Woodstock (Vic.),1
21498,Woodvale (Vic.),5
21499,Woolamai,1
21500,Woolsthorpe,2
21501,Woomelang,5
21502,Wooragee,1
21504,Woori Yallock,4
21505,Woorinen,4
21507,Woorndoo,3
21508,Wunghnu,4
21509,Wurruk,2
21511,Wycheproof,11
21512,Wye River,4
21513,Wyndham Vale,16
21514,Wyuna (Vic.),3
21516,Yackandandah,9
21517,Yalca,2
21518,Yallambie,2
21519,Yallourn,2
21520,Yallourn North,6
21521,Yambuk,1
21522,Yan Yean,1
21523,Yanakie,2
21525,Yannathan,1
21526,Yapeen,2
21527,Yarck,5
21528,Yarra Glen,9
21529,Yarra Junction,8
21530,Yarragon,8
21532,Yarram,10
21533,Yarrambat,7
21534,Yarraville,19
21535,Yarrawonga (Vic.),15
21536,Yarroweyah,4
21537,Yea,11
21538,Yellingbo,1
21540,Yendon,1
21541,Yinnar,6
21542,Yinnar South,2
21543,Yulecart,1
