region_id,Tot_P_P,Name,AreaSQKM
SSC21139,47637,Reservoir,19.122
SSC20125,44779,Berwick,33.9577
SSC20535,39204,Glen Waverley,16.8395
SSC21452,37737,Werribee,24.1826
SSC20637,37598,Hoppers Crossing,18.0991
SSC21248,35091,St Albans,12.7875
SSC20502,35009,Frankston,19.7452
SSC21169,34145,Rowville,21.648
SSC21280,34030,Sunbury,132.223
SSC21063,33999,Pakenham,86.4842
SSC20343,32757,Craigieburn,35.3213
SSC21093,32413,Point Cook,36.9487
SSC20949,32076,Mount Waverley,15.1849
SSC20893,30647,Mildura,76.1514
SSC20894,30517,Mill Park,13.0617
SSC21113,29925,Preston,11.3127
SSC21211,29553,Shepparton,34.499
SSC20988,28594,Narre Warren South,13.0032
SSC21434,28413,Warrnambool,75.7427
SSC21022,28377,Noble Park,8.56144
SSC20867,28371,Melbourne,6.23214
SSC20406,27047,Doncaster East,11.172
SSC20466,26346,Epping,21.9994
SSC20121,25925,Bentleigh East,9.18711
SSC20985,25882,Narre Warren,14.1771
SSC20212,25709,Bundoora,16.8785
SSC20486,25585,Ferntree Gully,13.7961
SSC20311,24977,Coburg,6.93372
SSC20534,24948,Glen Iris,8.58582
SSC20366,24919,Dandenong,11.1605
SSC20463,24574,Endeavour Hills,15.2074
SSC20703,23876,Kew,10.6475
SSC21364,23834,Traralgon,55.4252
SSC21142,23814,Richmond,4.47585
SSC20591,23767,Hampton Park,13.3359
SSC20354,23553,Croydon,14.1958
SSC21035,22920,Northcote,5.84938
SSC20193,22764,Brunswick,5.14247
SSC20926,22421,Mornington,21.0899
SSC20367,21910,Dandenong North,9.53536
SSC21308,21690,Tarneit,26.2106
SSC20769,21371,Langwarrin,28.8443
SSC20181,21257,Brighton,8.2005
SSC20603,21177,Hawthorn,5.73081
SSC21237,20873,South Morang,21.4519
SSC20163,20825,Boronia,11.2635
SSC20921,20689,Mooroolbark,12.5439
SSC20571,20552,Greensborough,10.1729
SSC20263,20366,Caroline Springs,8.33739
SSC21331,20331,Thomastown,14.6842
SSC20067,20317,Balwyn North,8.99584
SSC20283,20292,Cheltenham,10.1216
SSC20835,20066,Malvern East,7.56791
SSC20237,20029,Camberwell,7.29157
SSC20705,19885,Keysborough,21.6653
SSC20762,19873,Lalor,12.0642
SSC21246,19771,Springvale,11.1058
SSC20547,19664,Glenroy,8.84869
SSC21170,19235,Roxburgh Park,6.74033
SSC21240,19134,South Yarra,3.64949
SSC20266,19122,Carrum Downs,20.3078
SSC21463,19105,Wheelers Hill,10.4509
SSC20470,18852,Essendon,6.15749
SSC20017,18746,Altona Meadows,10.5401
SSC20344,18622,Cranbourne,13.0266
SSC20405,18359,Doncaster,8.77437
SSC20458,18162,Eltham,16.3133
SSC21255,17795,St Kilda,3.17944
SSC20955,17647,Mulgrave,10.7221
SSC20504,17612,Frankston South,14.5605
SSC21420,17477,Wantirna South,13.9391
SSC21333,17434,Thornbury,5.2928
SSC21513,17304,Wyndham Vale,128.24
SSC20939,17248,Mount Eliza,23.21
SSC21417,17170,Wangaratta,49.1804
SSC20944,17087,Mount Martha,30.1925
SSC21284,16743,Sunshine West,9.64775
SSC20629,16657,Highton,11.8063
SSC21487,16487,Wodonga,45.6207
SSC21324,16484,Templestowe,16.1172
SSC20632,16326,Hillside (Melton - Vic.),8.20501
SSC20261,16299,Carnegie,3.80466
SSC20380,16204,Deer Park,8.07844
SSC21320,16095,Taylors Lakes,7.47542
SSC21193,16033,Seaford,12.4317
SSC21144,16009,Ringwood,9.91613
SSC20182,15814,Brighton East,5.6652
SSC20790,15649,Lilydale,29.1318
SSC20296,15543,Clayton,8.31307
SSC20335,15072,Corio,18.9635
SSC20120,14920,Bentleigh,4.61146
SSC21073,14885,Pascoe Vale,4.9349
SSC20864,14843,Meadow Heights,4.62529
SSC20902,14811,Mitcham,6.62704
SSC20460,14638,Elwood,2.55358
SSC20346,14570,Cranbourne North,10.2395
SSC20275,14554,Caulfield North,4.20192
SSC21104,14521,Port Melbourne,9.56943
SSC20638,14285,Horsham,23.8294
SSC20871,14171,Melton West,24.2022
SSC20575,14153,Grovedale,6.81985
SSC21426,14074,Warragul,66.1697
SSC21459,14058,West Wodonga,10.2001
SSC20929,14005,Morwell,85.4858
SSC20771,13846,Lara,89.4199
SSC21419,13768,Wantirna,8.30635
SSC21534,13747,Yarraville,5.62044
SSC20440,13708,Echuca,143.745
SSC20112,13616,Belmont,9.36855
SSC20916,13532,Moonee Ponds,4.3554
SSC20259,13509,Carlton,1.69631
SSC20033,13475,Ascot Vale,3.83591
SSC20695,13259,Keilor East,10.1552
SSC20496,13203,Footscray,4.96719
SSC21474,13203,Williamstown,5.20087
SSC21179,13186,Sale,34.3257
SSC20222,13162,Burwood,6.03368
SSC21325,13152,Templestowe Lower,5.93819
SSC20195,13148,Brunswick West,3.17928
SSC21286,13133,Surrey Hills,4.37281
SSC20604,13101,Hawthorn East,3.76903
SSC20066,12944,Balwyn,4.40421
SSC21354,12871,Toorak,4.31914
SSC20099,12829,Beaumaris,5.19832
SSC20142,12796,Blackburn,5.89889
SSC20484,12596,Fawkner,5.08493
SSC21256,12576,St Kilda East,2.25566
SSC21052,12555,Ocean Grove,12.1179
SSC21163,12501,Rosebud,12.6533
SSC20589,12482,Hampton,4.33377
SSC21247,12184,Springvale South,4.55981
SSC21011,11987,Newport,4.93064
SSC20572,11969,Greenvale,18.2653
SSC20407,11795,Donvale,11.6506
SSC21319,11785,Taylors Hill,4.59085
SSC21030,11755,North Melbourne,2.38918
SSC20872,11667,Mentone,4.44958
SSC20297,11625,Clayton South,7.93855
SSC20393,11504,Diamond Creek,19.8083
SSC20491,11473,Fitzroy North,2.50486
SSC21395,11416,Vermont South,6.18399
SSC20018,11379,Altona North,14.0304
SSC20409,11276,Doreen,32.2358
SSC20276,11271,Caulfield South,3.27206
SSC20092,11240,Bayswater,8.04367
SSC21241,11235,Southbank,1.26233
SSC21112,11191,Prahran,1.90085
SSC21070,11185,Parkdale,3.56807
SSC20663,11085,Ivanhoe,5.05033
SSC20044,10990,Avondale Heights,5.40848
SSC20169,10971,Box Hill North,3.96261
SSC21040,10947,Nunawading,5.07821
SSC20204,10868,Bulleen,6.67108
SSC21231,10730,Somerville,31.3737
SSC21283,10637,Sunshine North,8.02293
SSC21451,10596,Wendouree,9.25808
SSC20144,10584,Blackburn South,3.59673
SSC20186,10578,Broadmeadows,7.96072
SSC21287,10431,Swan Hill,126.566
SSC20115,10331,Benalla,315.305
SSC21292,10323,Sydenham,3.55994
SSC20694,10307,Keilor Downs,5.01555
SSC20627,10263,Highett,3.93478
SSC21457,10222,West Footscray,3.8285
SSC20399,10186,Dingley Village,16.3254
SSC20847,10165,Maribyrnong,5.49509
SSC20583,10162,Hallam,8.33446
SSC21357,10142,Torquay,34.3041
SSC20223,10141,Burwood East,4.26235
SSC20786,10111,Leopold,27.9283
SSC20587,10104,Hamilton,198.337
SSC20497,10052,Forest Hill,4.07052
SSC20713,10043,Kilsyth,9.71006
SSC20016,9918,Altona,16.601
SSC21394,9902,Vermont,4.60948
SSC20457,9774,Elsternwick,2.60297
SSC21145,9748,Ringwood East,4.90417
SSC20700,9719,Kensington,2.14699
SSC20414,9686,Drouin,39.8701
SSC21014,9681,Newtown (Greater Geelong - Vic.),5.79136
SSC20168,9672,Box Hill,3.52204
SSC21146,9657,Ringwood North,5.31495
SSC20822,9606,Macleod,4.93399
SSC21107,9601,Portland,29.0404
SSC21074,9533,Pascoe Vale South,2.9898
SSC20834,9504,Malvern,2.74977
SSC20683,9492,Kangaroo Flat,17.5668
SSC20490,9430,Fitzroy,1.37749
SSC21198,9399,Sebastopol,8.33808
SSC20940,9374,Mount Evelyn,16.9898
SSC21236,9317,South Melbourne,2.45979
SSC21184,9309,Sandringham,3.57226
SSC20615,9250,Heathmont,4.48913
SSC20743,9228,Kurunjang,7.62324
SSC21050,9140,Oakleigh South,6.65143
SSC21372,9138,Truganina,26.2016
SSC20289,9125,Chirnside Park,22.2027
SSC20870,8916,Melton South,30.7892
SSC20230,8839,Cairnlea,4.40499
SSC21282,8838,Sunshine,4.73186
SSC20028,8760,Armadale,2.1829
SSC20912,8759,Montmorency,3.89937
SSC20906,8751,Moe,13.6438
SSC20348,8743,Cranbourne West,12.8982
SSC20317,8696,Colac,8.39726
SSC20599,8685,Hastings,25.9065
SSC20964,8592,Murrumbeena,2.51478
SSC21404,8504,Wallan,136.604
SSC20194,8476,Brunswick East,2.16804
SSC20382,8443,Delahey,3.50551
SSC20093,8424,Bayswater North,6.55627
SSC20411,8404,Doveton,4.20099
SSC20530,8329,Gladstone Park,3.86427
SSC20719,8311,Kings Park,2.52821
SSC29494,8308,No Usual Address,0
SSC20553,8303,Golden Square,7.78166
SSC20345,8211,Cranbourne East,42.8892
SSC20173,8180,Braybrook,4.32543
SSC21176,8160,Rye,14.6804
SSC21274,8111,Strathmore,3.4534
SSC20024,8076,Ararat,161.179
SSC21026,8012,Norlane,6.20383
SSC21161,7902,Rosanna,3.37853
SSC20245,7857,Canterbury,3.02727
SSC20279,7821,Chadstone,3.08151
SSC20922,7813,Mooroopna,39.9733
SSC20827,7750,Maidstone,3.15759
SSC21057,7711,Ormond,2.04329
SSC20170,7699,Box Hill South,3.49034
SSC20356,7693,Croydon North,4.00733
SSC20853,7630,Maryborough,45.5382
SSC20869,7593,Melton,7.23966
SSC20035,7586,Ashburton,2.85482
SSC21076,7582,Patterson Lakes,4.26948
SSC20924,7537,Mordialloc,4.39981
SSC21048,7535,Oakleigh,3.4758
SSC20492,7528,Flemington,2.87187
SSC21221,7484,Skye,16.6419
SSC20294,7461,Clarinda,3.50936
SSC20370,7418,Darley,51.8376
SSC21023,7390,Noble Park North,3.75786
SSC20744,7321,Kyabram,234.328
SSC20528,7289,Gisborne,96.6545
SSC20053,7237,Bairnsdale,70.4333
SSC20281,7223,Chelsea,2.62508
SSC20011,7195,Alfredton,8.00966
SSC20301,7153,Clifton Springs,5.00206
SSC20726,7140,Knoxfield,5.52401
SSC21484,7069,Windsor,1.11073
SSC21535,7057,Yarrawonga,94.9994
SSC20642,7055,Hughesdale,2.00968
SSC20143,7028,Blackburn North,2.70829
SSC21390,6964,Upwey,6.75557
SSC20005,6959,Airport West,3.71978
SSC21002,6933,Newborough,19.1078
SSC20459,6841,Eltham North,4.25626
SSC20609,6839,Healesville,182.9
SSC20814,6772,Lynbrook,4.09032
SSC20270,6751,Castlemaine,19.0529
SSC20913,6732,Montrose,10.5432
SSC21396,6731,Viewbank,4.51118
SSC20519,6683,Geelong West,2.35332
SSC20711,6678,Kilmore,92.6957
SSC20745,6629,Kyneton,155.475
SSC20037,6622,Aspendale,3.03531
SSC20038,6596,Aspendale Gardens,3.23958
SSC20312,6576,Coburg North,4.8782
SSC20817,6551,Lysterfield,18.4937
SSC20880,6508,Mernda,23.8251
SSC20364,6480,Dallas,2.42476
SSC20324,6467,Collingwood,1.26704
SSC20094,6412,Beaconsfield,10.2334
SSC20617,6388,Heidelberg Heights,2.5476
SSC21206,6370,Seymour,79.3087
SSC21374,6271,Tullamarine,7.95462
SSC20260,6220,Carlton North,1.87096
SSC20987,6212,Narre Warren North,21.397
SSC21071,6193,Parkville,4.0487
SSC21262,6150,Stawell,92.7229
SSC20188,6104,Brookfield,10.6844
SSC20588,6075,Hamlyn Heights,2.77815
SSC20036,6061,Ashwood,2.63355
SSC20308,6018,Cobram,89.9355
SSC20704,6017,Kew East,3.90137
SSC20386,5992,Derrimut,13.2577
SSC21049,5972,Oakleigh East,2.05782
SSC20007,5955,Albert Park,3.45599
SSC20480,5946,Fairfield,3.53817
SSC20141,5944,Black Rock,3.62726
SSC21189,5892,Scoresby,9.08273
SSC20699,5830,Kennington,3.77233
SSC20461,5813,Emerald,49.993
SSC20706,5810,Kialla,64.8568
SSC20402,5791,Docklands,3.00192
SSC20300,5790,Clifton Hill,1.73893
SSC20118,5774,Bendigo,5.57613
SSC21046,5771,Oak Park,2.04882
SSC20048,5760,Bacchus Marsh,4.87759
SSC20693,5759,Keilor,5.65025
SSC20151,5733,Bonbeach,2.79798
SSC20616,5714,Heidelberg,2.99346
SSC21269,5694,Strathdale,3.51855
SSC20503,5626,Frankston North,5.11833
SSC20860,5553,McKinnon,1.55589
SSC21460,5524,Westmeadows,5.01374
SSC21428,5520,Warrandyte,17.3428
SSC20239,5467,Campbellfield,12.3927
SSC20057,5465,Ballarat Central,3.60481
SSC20446,5450,Edithvale,2.0651
SSC21493,5413,Woodend,69.5063
SSC20055,5383,Balaclava,0.805131
SSC20582,5366,Hadfield,3.06027
SSC20783,5332,Leongatha,41.3796
SSC20618,5327,Heidelberg West,3.21263
SSC20058,5309,Ballarat East,5.96645
SSC20106,5286,Bell Park,3.2692
SSC20917,5283,Moorabbin,4.58273
SSC20006,5221,Albanvale,1.90384
SSC20282,5186,Chelsea Heights,3.19547
SSC20355,5185,Croydon Hills,2.25892
SSC20273,5160,Caulfield,1.47023
SSC21440,5146,Watsonia,2.33533
SSC20413,5126,Dromana,30.2351
SSC20824,5112,Maffra,78.6596
SSC20911,5087,Mont Albert North,2.09895
SSC20662,5015,Irymple,64.4813
SSC20107,5007,Bell Post Hill,6.08124
SSC20219,5000,Burnside Heights,2.02792
SSC21192,4972,Seabrook,1.61989
SSC20656,4960,Inverloch,121.677
SSC20910,4954,Mont Albert,1.75927
SSC20292,4943,Churchill,21.4796
SSC20381,4932,Delacombe,9.54604
SSC21249,4925,St Albans Park,2.08447
SSC20001,4907,Abbotsford,1.74069
SSC20815,4896,Lyndhurst,3.28929
SSC21018,4876,Niddrie,1.77698
SSC21199,4851,Seddon,0.955213
SSC21468,4826,Whittlesea,96.7726
SSC20429,4810,Eaglehawk,20.5949
SSC21430,4791,Warranwood,3.07494
SSC21039,4768,Numurkah,264.578
SSC20434,4714,East Melbourne,1.39918
SSC20518,4700,Geelong,3.31018
SSC20533,4658,Glen Huntly,0.893634
SSC21272,4648,Strathfieldsaye,30.3229
SSC21131,4625,Red Cliffs,206.038
SSC20015,4603,Alphington,2.8168
SSC21164,4579,Rosebud West,5.42352
SSC20759,4569,Lakes Entrance,29.3356
SSC20357,4532,Croydon South,2.08326
SSC21004,4518,Newcomb,2.44385
SSC21313,4448,Tatura,152.574
SSC21160,4412,Romsey,81.2234
SSC20826,4401,Maiden Gully,43.0064
SSC20313,4400,Cockatoo,35.3236
SSC20590,4395,Hampton East,1.35137
SSC20218,4385,Burnside,2.51336
SSC20738,4373,Korumburra,85.8628
SSC20844,4360,Mansfield,359.57
SSC21491,4354,Wonthaggi,9.76187
SSC20009,4337,Albion,2.56417
SSC20422,4315,Drysdale,42.8311
SSC20233,4263,California Gully,3.814
SSC21328,4229,The Basin,5.7161
SSC20185,4175,Broadford,120.07
SSC21467,4155,Whittington,1.82865
SSC21518,4129,Yallambie,2.9679
SSC20776,4065,Laverton,1.74248
SSC20890,4058,Middle Park,0.847617
SSC20341,4053,Cowes,8.1388
SSC21445,3995,Waurn Ponds,38.7778
SSC20103,3966,Belgrave,4.07674
SSC21028,3953,North Bendigo,4.04439
SSC20430,3927,Eaglemont,2.14829
SSC20059,3923,Ballarat North,2.65219
SSC20701,3872,Kerang,146.608
SSC21078,3871,Pearcedale,39.0383
SSC20494,3865,Flora Hill,2.93569
SSC20433,3859,East Geelong,2.91788
SSC21441,3846,Watsonia North,1.45027
SSC21490,3833,Wonga Park,23.2171
SSC20810,3782,Lower Plenty,6.82225
SSC20664,3762,Ivanhoe East,2.12938
SSC21143,3753,Riddells Creek,83.3496
SSC21458,3744,West Melbourne,6.59269
SSC21069,3718,Park Orchards,9.38956
SSC20002,3621,Aberfeldie,1.55171
SSC21360,3621,Trafalgar,67.9225
SSC20265,3602,Carrum,1.55545
SSC21106,3580,Portarlington,62.2423
SSC20102,3559,Beechworth,165.491
SSC20084,3536,Barwon Heads,5.10617
SSC20669,3521,Jan Juc,6.08901
SSC21177,3518,Safety Beach,6.00807
SSC20072,3513,Bannockburn,11.6395
SSC20649,3511,Hurstbridge,14.8419
SSC20722,3509,Kingsville,0.724859
SSC20241,3462,Camperdown,98.1191
SSC20908,3456,Monbulk,19.2373
SSC20139,3378,Bittern,10.7446
SSC20720,3362,Kingsbury,1.30643
SSC20803,3338,Long Gully,3.4779
SSC20621,3321,Herne Hill,1.50041
SSC21376,3306,Tyabb,25.5313
SSC21464,3275,White Hills,8.25656
SSC20040,3261,Attwood,5.05898
SSC20329,3261,Coolaroo,3.13553
SSC20214,3244,Buninyong,23.604
SSC21077,3236,Paynesville,4.33299
SSC21473,3223,Williams Landing,5.84968
SSC21387,3221,Upper Ferntree Gully,2.89048
SSC20242,3203,Canadian,7.79225
SSC20969,3181,Myrtleford,79.6684
SSC20476,3166,Euroa,187.148
SSC20691,3164,Kealba,2.64426
SSC21156,3136,Rochester,159.338
SSC21103,3094,Port Fairy,110.306
SSC20177,3092,Briar Hill,1.30617
SSC20729,3079,Koo Wee Rup,77.6908
SSC20191,3078,Brown Hill,43.5691
SSC21182,3063,Sandhurst,3.17349
SSC20714,3053,Kilsyth South,3.35306
SSC21243,2983,Spring Gully,7.83525
SSC21134,2976,Redan,2.24323
SSC21033,2954,North Warrandyte,8.76606
SSC20351,2942,Creswick,32.3362
SSC21413,2911,Wandin North,16.6237
SSC20934,2905,Mount Clear,10.5687
SSC20758,2884,Lake Wendouree,4.96219
SSC21257,2845,St Kilda West,0.528717
SSC20095,2843,Beaconsfield Upper,28.309
SSC20352,2839,Crib Point,6.51595
SSC21228,2832,Soldiers Hill,1.52513
SSC20026,2823,Ardeer,2.0241
SSC21253,2818,St Helena,1.63865
SSC21504,2806,Woori Yallock,22.8199
SSC20611,2776,Heathcote,131.492
SSC20056,2774,Ballan,189.574
SSC20613,2768,Heatherton,7.11695
SSC20563,2746,Gowanbrae,1.52271
SSC21425,2745,Warracknabeal,1189.62
SSC20942,2718,Mount Helen,8.74724
SSC21356,2696,Tootgarook,3.48805
SSC20467,2687,Epsom,6.13731
SSC20875,2671,Merbein,34.4617
SSC20010,2656,Alexandra,218.142
SSC20452,2645,Elliminyt,30.0264
SSC21138,2637,Research,9.61
SSC21252,2619,St Arnaud,680.34
SSC21266,2615,Stratford,191.448
SSC21528,2611,Yarra Glen,35.1766
SSC20840,2607,Manifold Heights,0.936784
SSC20374,2565,Daylesford,15.7277
SSC20857,2543,McCrae,5.61141
SSC20897,2542,Miners Rest,30.0614
SSC20698,2540,Keilor Park,3.09521
SSC20064,2527,Balnarring,44.7818
SSC21034,2525,North Wonthaggi,3.04189
SSC21056,2493,Orbost,272.76
SSC20774,2492,Launching Place,38.4015
SSC21175,2479,Rutherglen,197.227
SSC21095,2466,Point Lonsdale,3.42601
SSC20021,2454,Anglesea,6.89156
SSC21029,2396,North Geelong,5.50003
SSC20823,2394,Maddingley,31.2643
SSC21001,2380,New Gisborne,26.2247
SSC20379,2379,Deepdene,1.05249
SSC20678,2378,Junortoun,26.0914
SSC21204,2370,Seville,21.3742
SSC20765,2357,Lancefield,161.817
SSC21327,2348,Terang,149.816
SSC21242,2339,Spotswood,3.17824
SSC20321,2338,Coldstream,80.2497
SSC21122,2338,Quarry Hill,2.42957
SSC20315,2313,Cohuna,161.34
SSC21529,2297,Yarra Junction,15.6982
SSC20901,2296,Mirboo North,147.886
SSC20472,2289,Essendon North,0.732614
SSC21015,2278,Nhill,942.865
SSC20395,2275,Diggers Rest,67.7507
SSC20216,2232,Bunyip,33.1652
SSC20809,2218,Lovely Banks,11.4934
SSC20552,2187,Golden Point (Ballarat - Vic.),1.89061
SSC21422,2171,Warburton,54.2515
SSC21532,2168,Yarram,110.907
SSC20180,2165,Bright,9.4097
SSC20146,2161,Blairgowrie,6.27353
SSC21036,2161,Notting Hill,1.09814
SSC21439,2161,Waterways,1.69481
SSC20432,2153,East Bendigo,9.85785
SSC20521,2149,Gembrook,208.439
SSC20089,2146,Baxter,9.91497
SSC21152,2134,Robinvale,14.5384
SSC20140,2131,Black Hill,1.75677
SSC20946,2122,Mount Pleasant,2.02127
SSC21091,2093,Plenty,10.9751
SSC21321,2088,Tecoma,1.64777
SSC21114,2075,Princes Hill,0.433151
SSC21258,2001,St Leonards,5.52635
SSC21410,1959,Wandana Heights,1.62814
SSC20736,1958,Koroit,50.5306
SSC21481,1955,Winchelsea,226.628
SSC21443,1946,Wattle Glen,7.01624
SSC20665,1940,Jacana,1.09965
SSC20625,1937,Heyfield,75.8849
SSC20438,1932,Eastwood,3.69084
SSC20050,1922,Badger Creek,45.885
SSC20989,1902,Nathalia,189.754
SSC20073,1897,Baranduda,29.191
SSC21007,1888,Newington,2.39498
SSC20658,1880,Invermay Park,2.51607
SSC21342,1869,Tongala,112.008
SSC21194,1865,Seaholme,1.08384
SSC20821,1864,Macedon,38.9733
SSC21365,1864,Traralgon East,94.2201
SSC21516,1854,Yackandandah,186.764
SSC20474,1851,Eumemmerring,1.00586
SSC21235,1830,South Kingsville,0.731175
SSC20307,1821,Cobden,64.6338
SSC20852,1799,Marshall,14.0174
SSC20645,1784,Huntingdale,0.797941
SSC20268,1764,Casterton,226.782
SSC21053,1761,Officer,27.9959
SSC20696,1757,Keilor Lodge,0.859623
SSC20110,1728,Bellfield (Banyule - Vic.),0.930884
SSC20165,1728,Botanic Ridge,9.64905
SSC20626,1725,Heywood,252.992
SSC21510,1710,Wy Yung,45.6976
SSC21367,1700,Travancore,0.418301
SSC20404,1693,Donald,1004.54
SSC20347,1684,Cranbourne South,18.5106
SSC20500,1677,Foster,106.094
SSC20755,1666,Lake Gardens,1.19717
SSC21054,1664,Olinda,36.6362
SSC20105,1662,Belgrave South,12.6981
SSC20397,1662,Dimboola,442.214
SSC21201,1660,Selby,6.55822
SSC20304,1656,Clunes,186.257
SSC20189,1640,Brooklyn,5.47522
SSC20288,1640,Chiltern,267.408
SSC21453,1618,Werribee South,38.4631
SSC20389,1606,Devon Meadows,37.9485
SSC21165,1600,Rosedale,246.386
SSC21537,1595,Yea,220.17
SSC20349,1564,Cremorne,0.665296
SSC20384,1557,Dennington,1.77641
SSC20681,1557,Kallista,9.6067
SSC20896,1554,Millgrove,2.41966
SSC20249,1549,Cape Woolamai,6.11725
SSC20971,1548,Nagambie,3.32485
SSC21475,1544,Williamstown North,2.14605
SSC20487,1535,Ferny Creek,5.22892
SSC21332,1533,Thomson (Greater Geelong - Vic.),0.902156
SSC21530,1525,Yarragon,66.9663
SSC21533,1511,Yarrambat,15.3454
SSC21520,1493,Yallourn North,80.7719
SSC21322,1480,Teesdale,13.1126
SSC21149,1478,Ripponlea,0.285994
SSC20607,1476,Hazelwood North,66.6082
SSC20514,1466,Garfield,19.2602
SSC21016,1464,Nichols Point,23.7768
SSC21232,1448,Sorrento,7.01369
SSC20339,1440,Corryong,177.931
SSC20806,1436,Longwarry,40.1404
SSC20831,1432,Maldon,84.755
SSC20646,1429,Huntly,40.9329
SSC21225,1428,Smythes Creek,26.6716
SSC21229,1427,Somers,4.14671
SSC21123,1418,Queenscliff,6.2868
SSC20012,1413,Allansford,85.6239
SSC21370,1411,Trentham,129.06
SSC20240,1410,Campbells Creek,8.29546
SSC20098,1406,Beaufort,156.94
SSC20473,1398,Essendon West,1.02603
SSC20808,1394,Lorne,435.882
SSC20796,1393,Little River,235.478
SSC21173,1381,Rushworth,243.521
SSC20104,1376,Belgrave Heights,1.64548
SSC20581,1370,Haddon,36.1802
SSC20539,1360,Glengarry,168.035
SSC21353,1359,Tooradin,26.6867
SSC20928,1354,Mortlake,354.493
SSC21157,1349,Rockbank,36.9376
SSC20716,1347,Kinglake,44.5908
SSC20767,1345,Lang Lang,61.8296
SSC20032,1343,Ascot (Greater Bendigo - Vic.),12.4502
SSC20804,1333,Longford,439.083
SSC21045,1332,Nyora,57.6777
SSC20943,1321,Mount Macedon,34.0177
SSC20286,1317,Chewton,52.4919
SSC20431,1300,East Bairnsdale,14.0258
SSC21415,1294,Wandong,46.1944
SSC21405,1292,Wallington,37.3691
SSC20280,1288,Charlton,830.61
SSC20043,1264,Avoca,150.317
SSC20680,1261,Kalimna,7.74015
SSC21337,1255,Timboon,81.6731
SSC20322,1243,Coleraine,395.409
SSC20148,1238,Blind Bight,0.543249
SSC20274,1237,Caulfield East,1.25847
SSC20936,1237,Mount Dandenong,4.96547
SSC20887,1222,Metung,22.4702
SSC21216,1220,Silvan,20.4284
SSC20559,1219,Gordon,124.209
SSC20682,1208,Kalorama,3.36203
SSC20444,1197,Eden Park,28.5418
SSC20601,1194,Haven,27.6089
SSC20995,1193,Neerim South,63.7055
SSC20889,1185,Mickleham,50.2389
SSC20655,1182,Inverleigh,199.467
SSC21455,1178,Wesburn,266.451
SSC20162,1173,Boort,1134.9
SSC21133,1172,Red Hill South,44.534
SSC21212,1171,Shepparton East,38.4393
SSC20676,1159,Junction Village,2.89308
SSC21067,1158,Panton Hill,22.837
SSC20509,1155,Fulham,100.592
SSC21116,1155,Puckapunyal,412.657
SSC21187,1145,Sassafras,3.48857
SSC20257,1143,Carisbrook,215.522
SSC21250,1138,St Andrews,39.7899
SSC20690,1137,Katunga,199.123
SSC20770,1126,Langwarrin South,8.77532
SSC20914,1111,Moolap,37.0774
SSC20022,1095,Apollo Bay,2.77683
SSC20730,1094,Koondrook,234.124
SSC20633,1085,Hmas Cerberus,15.4031
SSC21398,1084,Violet Town,434.422
SSC21180,1083,San Remo,3.58398
SSC21061,1082,Ouyen,5.60035
SSC20660,1080,Ironbark,0.921947
SSC21509,1077,Wurruk,11.3025
SSC20176,1075,Briagolong,264.15
SSC21065,1075,Pakenham Upper,32.0173
SSC20718,1066,Kinglake West,29.9544
SSC20811,1065,Lucknow,21.1641
SSC20685,1061,Kaniva,1161.58
SSC20174,1058,Breakwater,4.88355
SSC20653,1058,Inglewood,473.89
SSC20042,1048,Avenel,345.957
SSC20957,1047,Murchison,176.655
SSC20782,1040,Leneva,89.8284
SSC21330,1038,The Patch,3.97617
SSC20832,1032,Mallacoota,6.40637
SSC20920,1028,Moorooduc,42.8782
SSC20684,1015,Kangaroo Ground,31.419
SSC20977,1013,Nar Nar Goon,57.2933
SSC20157,1003,Boolarra,42.4496
SSC20965,991,Murtoa,476.009
SSC21446,980,Wedderburn,206.557
SSC20445,976,Edenhope,498.822
SSC20513,969,Gardenvale,0.258777
SSC20797,967,Loch,117.251
SSC20546,963,Glenrowan,34.8426
SSC21167,960,Ross Creek,37.8651
SSC21296,956,Tallangatta,1.60326
SSC21017,955,Nicholson,64.4615
SSC21100,953,Porepunkah,175.542
SSC20787,950,Lethbridge,88.3269
SSC20078,945,Barnawartha,107.888
SSC21273,941,Strathmerton,178.906
SSC21275,934,Strathmore Heights,0.691243
SSC20291,932,Chum Creek,22.4874
SSC21220,927,Skipton,877.94
SSC20818,924,Lysterfield South,4.5725
SSC20651,921,Indented Head,4.08598
SSC21260,915,Stanhope,130.429
SSC21350,915,Toongabbie,131.286
SSC20873,911,Menzies Creek,7.27408
SSC21126,911,Ravenhall,2.616
SSC20426,908,Dunolly,205.781
SSC21234,907,South Geelong,0.662646
SSC20801,906,Lockwood South,50.7385
SSC20851,899,Marong,52.3021
SSC21400,891,Wahgunyah,2.02328
SSC20437,887,East Warburton,85.7393
SSC21351,887,Toora,58.9827
SSC21119,883,Pyramid Hill,924.869
SSC21347,879,Toolern Vale,115.849
SSC20132,872,Beveridge,44.771
SSC20592,872,Harcourt,28.5345
SSC20756,865,Lake Tyers Beach,15.9766
SSC20820,863,Macclesfield,28.8897
SSC20493,860,Flinders,55.1321
SSC21251,853,St Andrews Beach,3.07882
SSC20576,849,Gruyere,54.7626
SSC20999,849,Nerrina,7.45754
SSC21226,849,Smythesdale,34.4275
SSC20612,847,Heathcote Junction,11.2217
SSC21317,838,Tawonga South,6.82588
SSC21392,835,Ventnor,54.129
SSC21205,833,Seville East,9.67985
SSC20150,827,Bolwarra,32.1097
SSC21377,820,Tyers,46.316
SSC20931,819,Mount Beauty,5.25117
SSC20108,814,Bellbrae,50.8009
SSC21541,811,Yinnar,26.5981
SSC20196,805,Bruthen,68.8036
SSC20734,803,Kooyong,0.508114
SSC20529,802,Gisborne South,17.8183
SSC21013,802,Newstead,106.221
SSC20657,801,Invermay,16.0723
SSC20071,797,Bangholme,36.5432
SSC20489,791,Fish Creek,150.28
SSC21299,789,Tallarook,219.377
SSC21511,789,Wycheproof,826.535
SSC20256,779,Cardross,40.6822
SSC20799,778,Lockington,119.704
SSC20479,774,Eynesbury,69.489
SSC20594,772,Harkaway,12.9907
SSC21188,772,Scarsdale,78.818
SSC20305,769,Clyde,38.9026
SSC21178,761,Sailors Gully,4.87511
SSC20800,756,Lockwood,40.5494
SSC20903,753,Mitchell Park,19.6526
SSC21345,752,Toolamba,68.2178
SSC20424,751,Dunkeld,1148.84
SSC20689,747,Katandra West,122.012
SSC20138,741,Birregurra,270.032
SSC20428,739,Eagle Point,6.86559
SSC20086,738,Batesford,9.19241
SSC20217,738,Burnley,1.07121
SSC20566,738,Grantville,19.5887
SSC20877,738,Meredith,210.844
SSC21118,736,Pyalong,199.987
SSC20045,735,Avonsleigh,7.31734
SSC21080,734,Penshurst,395.2
SSC21125,734,Rainbow,1050.16
SSC20448,733,Eildon,758.378
SSC21132,731,Red Hill,23.2241
SSC20751,719,Lake Boga,11.1945
SSC20247,718,Cape Paterson,1.41741
SSC21294,715,Talbot,240.053
SSC20004,713,Aireys Inlet,2.74014
SSC20336,710,Coronet Bay,4.09585
SSC20978,708,Nar Nar Goon North,42.0224
SSC20883,705,Merrijig (Mansfield - Vic.),182.276
SSC21305,698,Tanjil South,101.683
SSC21285,694,Surf Beach,1.60011
SSC20798,689,Loch Sport,6.11191
SSC20935,688,Mount Cottrell,122.116
SSC21044,683,Nyah West,36.5773
SSC21379,683,Tynong,28.4894
SSC20849,678,Marlo,582.072
SSC20564,677,Grahamvale,14.9808
SSC21141,674,Rhyll,25.3817
SSC20882,672,Merrigum,55.8458
SSC21108,671,Portland North,18.8359
SSC20456,670,Elphinstone,152.6
SSC20371,668,Darnum,39.312
SSC20455,668,Elmore,2.01021
SSC21542,668,Yinnar South,47.5786
SSC20899,667,Minyip,664.468
SSC20136,662,Birchip,3.73738
SSC20990,659,Natimuk,487.616
SSC20203,651,Bulla,33.6845
SSC21429,648,Warrandyte South,4.52892
SSC20253,647,Cardigan,43.9107
SSC20654,647,Invergordon,107.612
SSC20865,645,Meeniyan,66.6425
SSC20925,644,Moriac,1.41574
SSC21378,643,Tylden,76.5207
SSC20130,640,Beulah,1985.08
SSC20825,640,Magpie,19.2328
SSC20542,638,Glenlyon,124.436
SSC20672,632,Jeparit,968.201
SSC20334,630,Corinella,1.81801
SSC21109,630,Portland West,75.8903
SSC20475,629,Eureka,0.42635
SSC20327,628,Congupna,54.1301
SSC20340,626,Cottles Bridge,18.4577
SSC21289,625,Swan Reach,43.0384
SSC20561,623,Goroke,1698
SSC20937,623,Mount Duneed,34.4506
SSC20780,619,Leitchville,84.4168
SSC20819,618,Macarthur,479.407
SSC21102,618,Port Campbell,161.68
SSC21191,616,Sea Lake,2.32112
SSC20419,614,Drumcondra,0.273393
SSC20465,613,Eppalock,84.6147
SSC20585,613,Halls Gap,1059.24
SSC20833,612,Malmsbury,3.03278
SSC21098,610,Poowong,49.5819
SSC20557,609,Goornong,133.796
SSC20634,609,Hoddles Creek,60.5341
SSC20365,606,Dalyston,49.9816
SSC20211,604,Bundalong,178.652
SSC21371,604,Tresco,181.509
SSC20205,603,Bullengarook,70.3519
SSC20020,602,Anakie,167.526
SSC20760,599,Lal Lal,73.1987
SSC21432,597,Warrenheip,10.4072
SSC21062,594,Oxley,62.1872
SSC20137,593,Birdwoodton,12.4093
SSC20527,593,Girgarre,84.0851
SSC20892,592,Milawa,141.47
SSC20793,591,Linton,117.146
SSC21393,589,Venus Bay,17.3278
SSC21316,588,Tawonga,233.423
SSC21227,587,Snake Valley,39.2139
SSC20224,586,Bushfield,3.33927
SSC20385,586,Dereel,166.558
SSC20876,585,Merbein South,37.2445
SSC21472,585,Willaura,1155.96
SSC20070,581,Bandiana,8.0866
SSC21418,576,Wangaratta South,56.0346
SSC21300,573,Tallygaroopna,84.4927
SSC20047,571,Axedale,113.614
SSC20569,570,Great Western,167.561
SSC20905,569,Modewarre,120.349
SSC21476,569,Willow Grove,78.2742
SSC21186,568,Sarsfield,54.6725
SSC20207,567,Buln Buln,22.0554
SSC20907,566,Moe South,20.4914
SSC20636,565,Hopetoun Park,7.42447
SSC20403,563,Don Valley,15.0877
SSC20900,563,Mirboo,146.219
SSC20794,559,Lismore,543.311
SSC20244,557,Cannons Creek,1.26322
SSC20635,555,Hopetoun,3.2452
SSC20792,549,Lindenow South,184.842
SSC21172,549,Rupanyup,414.151
SSC21218,549,Simpson,195.399
SSC20938,548,Mount Egerton,55.9256
SSC20962,548,Murrayville,3114.22
SSC21527,548,Yarck,367.271
SSC21340,547,Tolmie,266.251
SSC20854,546,Maryknoll,3.36602
SSC21471,546,Wildwood,60.7108
SSC20785,545,Leongatha South,137.762
SSC21385,545,Undera,177.819
SSC20027,540,Ardmona,39.2114
SSC21129,540,Raymond Island,7.59855
SSC20129,538,Bethanga,176.277
SSC20570,536,Greendale,20.6397
SSC20976,535,Napoleons,46.1811
SSC21508,535,Wunghnu,126.274
SSC20748,534,Labertouche,73.6194
SSC20998,534,Nerrena,101.653
SSC20671,532,Jeeralang Junction,11.69
SSC20837,531,Mandurang,21.0544
SSC20661,530,Irrewarra,143.141
SSC21536,528,Yarroweyah,59.5656
SSC20068,527,Bamawm,101.405
SSC21058,524,Orrvale,11.4145
SSC21005,523,Newham,48.9958
SSC20578,522,Gunbower,131.534
SSC20673,522,Jindivick,73.5679
SSC21213,522,Shepparton North,28.6833
SSC20154,521,Bonnie Doon,192.631
SSC21469,519,Whorouly,152.077
SSC20408,517,Dookie,222.064
SSC20641,515,Howqua Inlet,185.717
SSC21402,515,Waldara,8.40273
SSC21538,515,Yellingbo,42.415
SSC20229,513,Cabarita,4.69868
SSC20387,512,Derrinallum,537.027
SSC21290,512,Swanpool,210.619
SSC21500,510,Woolsthorpe,334.939
SSC21488,509,Wollert,62.8903
SSC20254,506,Cardigan Village,0.790903
SSC21335,504,Thorpdale,60.8939
SSC20127,501,Bet Bet,160.329
SSC21008,501,Newlands Arm,1.68502
SSC21302,498,Taminick,438.989
SSC21477,498,Willowmavin,144.633
SSC20200,496,Buffalo,182.467
SSC20805,494,Longlea,35.9427
SSC20306,491,Cobains,145.693
SSC20986,488,Narre Warren East,23.3823
SSC21496,488,Woodside,256.062
SSC20201,487,Buffalo River,1442.1
SSC20441,487,Echuca Village,40.0724
SSC21055,487,Omeo,693.504
SSC21200,487,Sedgwick,55.9396
SSC21309,484,Tarrawingee,145.893
SSC21043,483,Nyah,8.79687
SSC21338,483,Tinamba,85.8523
SSC20830,482,Majorca,210.665
SSC20149,480,Boisdale,511.397
SSC20101,479,Beech Forest,634.917
SSC20836,479,Manangatang,1235.97
SSC20390,478,Devon North,153.594
SSC20752,477,Lake Bolac,579.055
SSC20979,474,Narbethong,409.136
SSC20828,471,Mailors Flat,36.2211
SSC21041,471,Nungurner,93.5425
SSC20090,469,Bayles,23.7204
SSC20829,469,Main Ridge,28.7408
SSC20331,467,Cooriemungle,146.471
SSC21366,467,Traralgon South,4.82511
SSC20439,466,Ebden,3.25978
SSC21154,466,Robinvale Irrigation District Section C,30.5528
SSC21424,466,Warneet,0.631989
SSC20049,465,Baddaginnie,184.789
SSC21259,464,Staghorn Flat,72.332
SSC21306,464,Taradale,46.8733
SSC20080,463,Barongarook,43.2894
SSC20733,461,Koorlong,134.952
SSC20812,461,Lurg,212.897
SSC20619,459,Hepburn,1.44296
SSC21498,457,Woodvale,161.873
SSC20258,456,Carlsruhe,65.5817
SSC20507,455,Freshwater Creek,53.5515
SSC21444,455,Waubra,202.247
SSC21462,455,Wheatsheaf,36.2195
SSC20029,454,Arthurs Creek,39.1754
SSC21117,454,Purnim,97.2881
SSC21437,454,Watchem,1547.12
SSC20631,451,Hilldene,134.027
SSC20753,451,Lake Bunga,1.94627
SSC20647,450,Huon,112.586
SSC21310,450,Tarrington,219.218
SSC20255,449,Cardinia,47.0286
SSC20568,447,Grassmere,104.291
SSC21110,446,Portsea,11.3272
SSC21264,446,Stony Creek (South Gippsland - Vic.),107.671
SSC20579,445,Gundowring,227.865
SSC20175,444,Breamlea,40.345
SSC20586,444,Hallston,122.711
SSC21288,444,Swan Marsh,250.012
SSC20560,443,Gormandale,235.293
SSC20209,442,Bunbartha,84.413
SSC21010,441,Newmerella,118.183
SSC21412,440,Wandin East,9.29436
SSC21148,439,Rippleside,0.282909
SSC21449,439,Welshpool,107.124
SSC20784,436,Leongatha North,66.61
SSC21303,436,Tangambalanga,0.752083
SSC21215,434,Shoreham,2.86377
SSC20295,433,Clarkefield,99.7281
SSC20350,433,Cressy,383.104
SSC20362,433,Daisy Hill,49.1595
SSC20558,433,Gorae West,139.394
SSC20688,433,Katamatite,126.649
SSC21159,433,Rokewood,377.278
SSC21448,433,Welshmans Reef,84.3008
SSC21461,433,Wharparilla,53.1544
SSC20532,432,Glen Alvie,81.6079
SSC20602,432,Hawkesdale,330.468
SSC20708,432,Kialla West,16.0341
SSC21075,431,Patchewollock,1698.52
SSC20495,429,Flowerdale,148.891
SSC21012,429,Newry,91.57
SSC20951,428,Moyhu,97.2306
SSC20069,426,Bamawm Extension,165.323
SSC21219,426,Skenes Creek,90.638
SSC20622,424,Hernes Oak,24.2885
SSC20372,423,Darraweit Guim,71.7934
SSC20420,423,Drummond,75.9072
SSC21466,421,Whitfield,325.522
SSC20123,420,Berringa,125.064
SSC20454,419,Elmhurst,511.865
SSC21291,419,Swifts Creek,606.766
SSC20326,418,Condah,593.396
SSC21092,418,Plumpton,58.7299
SSC21380,417,Tynong North,48.3634
SSC20383,416,Denison,80.4161
SSC20531,416,Gladysdale,23.9923
SSC20807,416,Longwood,340.048
SSC21408,416,Walpeup,3504.95
SSC20993,415,Neerim,41.6557
SSC20085,414,Bass,67.0187
SSC20392,414,Dhurringile,70.859
SSC21150,414,Riverside,31.6311
SSC20359,413,Cudgewa,890.934
SSC20498,413,Forge Creek,120.28
SSC21147,413,Ripplebrook,58.1894
SSC20363,412,Dales Creek,2.07942
SSC20423,412,Dumbalk,58.0903
SSC20881,412,Merricks North,25.2353
SSC20076,411,Barkers Creek,22.9719
SSC20190,411,Broomfield,18.6808
SSC20262,411,Carngham,111.431
SSC20915,410,Moonambel,330.828
SSC21495,408,Woodford,16.1314
SSC21124,407,Raglan,410.695
SSC20213,405,Bungaree,43.7859
SSC20975,405,Nanneella,95.9291
SSC21344,405,Tooborac,353.616
SSC20316,404,Coimadai,71.6309
SSC20596,402,Harrietville,1738.15
SSC20427,400,Durham Lead,31.5823
SSC20453,400,Ellinbank,69.2554
SSC20967,400,Myers Flat,26.8547
SSC20109,399,Bellbridge,1.41288
SSC21233,398,South Dudley,1.53901
SSC20251,395,Carapooee,832.296
SSC21059,395,Osbornes Flat,33.4382
SSC21209,395,Shelbourne,128.148
SSC20464,394,Enfield,2.41832
SSC21368,394,Trawalla,271.754
SSC20485,393,Fernbank,457.428
SSC20416,392,Drouin South,47.7097
SSC21329,392,The Gurdies,82.3675
SSC20953,391,Muckleford,52.0335
SSC21224,391,Smiths Gully,14.7522
SSC20791,390,Lindenow,1.31087
SSC21427,390,Warragul South,45.1892
SSC21480,389,Wimbledon Heights,0.336404
SSC20153,388,Boneo,60.929
SSC20238,388,Cambrian Hill,13.0808
SSC21060,388,Outtrim,84.2235
SSC20442,387,Echuca West,72.6453
SSC20172,386,Branxholme,279.882
SSC21006,386,Newhaven,0.822742
SSC20198,385,Buchan,1127.58
SSC20732,385,Koonwarra,36.8071
SSC21244,385,Springbank,87.2498
SSC20668,384,Jamieson,887.576
SSC20338,383,Cororooke,33.8521
SSC20520,383,Gellibrand,159.153
SSC21155,383,Robinvale Irrigation District Section E,65.2666
SSC20562,382,Goughs Bay,232.386
SSC21523,382,Yanakie,141.577
SSC20302,381,Clonbinane,275.607
SSC21442,381,Wattle Bank,66.2824
SSC20974,380,Nangiloc,1043.04
SSC21544,380,Yuroke,20.5113
SSC20342,376,Cowwarr,116.627
SSC20477,376,Eurobin,81.2175
SSC21399,376,Waaia,72.6637
SSC20580,375,Guys Hill,4.1227
SSC20277,374,Cavendish,276.588
SSC21127,374,Ravenswood,67.533
SSC20030,373,Arthurs Seat,8.81498
SSC20376,373,Deans Marsh,83.8515
SSC20773,373,Larralea,586.75
SSC21465,373,Whiteheads Creek,182.555
SSC20131,372,Beverford,32.6286
SSC20303,372,Cloverlea,42.162
SSC21388,371,Upper Gundowring,284.621
SSC21505,371,Woorinen,45.3714
SSC20643,370,Humevale,45.2867
SSC21326,370,Tenby Point,42.6543
SSC20488,368,Fingal,21.3112
SSC20235,367,Callignee,104.597
SSC20298,366,Clematis,2.49918
SSC21382,366,Tyntynder South,24.1681
SSC21416,366,Wangandary,49.4016
SSC20417,365,Drouin West,23.5967
SSC20879,364,Merino,163.215
SSC20179,363,Bridgewater On Loddon,2.46222
SSC20659,363,Iona,41.7259
SSC21254,363,St James,416.237
SSC21311,363,Tarwin Lower,176.391
SSC20083,362,Barwon Downs,246.403
SSC20248,362,Cape Schanck,4.56116
SSC21097,362,Pomonal,259.602
SSC21120,361,Quambatook,699.619
SSC21158,361,Rokeby,22.3177
SSC21334,361,Thornton,79.8892
SSC20388,360,Devenish,249.539
SSC20537,360,Glenburn,162.605
SSC21151,360,Robertsons Beach,70.3652
SSC20895,359,Millbrook,49.7877
SSC21361,359,Trafalgar East,35.9353
SSC21514,359,Wyuna,119.451
SSC20368,358,Dandenong South,22.7063
SSC21003,358,Newbridge,253.567
SSC21543,357,Yulecart,249.401
SSC20727,356,Kolora,186.812
SSC20952,356,Moyston,227.353
SSC20031,355,Ascot (Ballarat - Vic.),136.476
SSC21031,355,North Shore,0.258519
SSC21032,355,North Wangaratta,74.4444
SSC21456,355,West Bendigo,1.95504
SSC20234,354,Calivil,545.748
SSC20375,354,Dean,70.6861
SSC20481,354,Fairhaven,2.47725
SSC20065,353,Balnarring Beach,1.38656
SSC20134,353,Big Hill (Greater Bendigo - Vic.),11.6154
SSC20310,353,Cobrico,141.758
SSC20650,353,Illowa,32.4466
SSC20712,353,Kilmore East,55.0234
SSC20735,353,Korobeit,406.199
SSC20122,352,Beremboke,174.886
SSC21348,352,Toolleen,495.132
SSC20250,351,Caramut,469.279
SSC20353,351,Crossley,49.3999
SSC20358,351,Cudgee,103.724
SSC20469,351,Eskdale,393.345
SSC20554,351,Goldie,100.788
SSC20763,351,Lancaster,37.8937
SSC20984,351,Narrawong,25.3452
SSC20328,350,Connewarre,42.7011
SSC21115,350,Princetown,205.556
SSC21312,350,Tatong,308.609
SSC20675,349,Johnsonville,26.4738
SSC20119,348,Bendoc,4096.42
SSC20199,348,Budgeree,230.697
SSC20556,347,Goorambat,129.543
SSC20505,346,Freeburgh,217.985
SSC20723,346,Kirkstall,73.7125
SSC21079,345,Peechelba,141.127
SSC20220,344,Burramine,238.055
SSC20267,344,Castella,26.2718
SSC20290,344,Christmas Hills,49.7721
SSC20160,343,Boorcan,102.569
SSC20802,343,Long Forest,10.8814
SSC20549,342,Gnarwarre,159.96
SSC21086,342,Pimpinio,553.954
SSC20192,341,Brucknell,119.249
SSC20325,341,Concongella,670.39
SSC20478,341,Everton,151.056
SSC21037,341,Nowa Nowa,417.305
SSC21373,341,Tuerong,38.9495
SSC20074,340,Baringhup,218.6
SSC21027,340,Norong,280.098
SSC21265,340,Stradbroke,327.828
SSC20360,339,Culgoa,1234.77
SSC21281,338,Sunset Strip,1.10128
SSC21171,337,Ruffy,317.436
SSC21497,337,Woodstock,55.3822
SSC20236,336,Calulu,95.0042
SSC20401,336,Dixons Creek,52.8617
SSC20858,336,McKenzie Creek,150.673
SSC21363,336,Tragowel,471.603
SSC20525,335,Gherang,28.6017
SSC21502,335,Wooragee,91.8951
SSC21085,334,Picola,424.46
SSC20598,333,Harston,85.3212
SSC20850,333,Marnoo,853.373
SSC21084,333,Piangil,628.489
SSC21384,333,Ultima,1228.41
SSC20079,332,Barnawartha North,98.8257
SSC20062,331,Balmattum,267.364
SSC20550,331,Golden Beach,9.87532
SSC20749,330,Laceby,127.375
SSC20886,330,Metcalfe,139.681
SSC20960,330,Murrabit,126.993
SSC21089,330,Pioneer Bay,0.210795
SSC21293,330,Taggerty,93.7466
SSC20741,329,Koyuga,93.7493
SSC20948,329,Mount Taylor,98.292
SSC20063,328,Balmoral,342.497
SSC20746,328,Kyvalley,27.1142
SSC21130,328,Raywood,174.315
SSC21315,326,Tatyoon,708.629
SSC20436,325,East Wangaratta,82.5554
SSC20449,325,Elaine,173.638
SSC20941,325,Mount Franklin,123.979
SSC21128,325,Rawson,1.02682
SSC20023,324,Apsley,332.117
SSC20398,324,Dingee,300.492
SSC20468,324,Erica,365.409
SSC21261,324,Stanley,113.944
SSC21521,324,Yambuk,143.671
SSC20623,323,Hesket,55.5191
SSC21389,323,Upper Plenty,31.3868
SSC20378,321,Deep Lead,123.711
SSC20710,321,Kilcunda,2.11828
SSC20909,321,Monegeetta,53.8405
SSC20124,320,Berriwillock,1010.37
SSC20167,320,Bowenvale,140.734
SSC20508,320,Fryerstown,79.203
SSC20966,320,Musk,36.4204
SSC21454,320,Werrimull,2192.24
SSC20226,319,Byaduk,384.028
SSC20608,319,Hazelwood South,13.0805
SSC20959,319,Murgheboluc,92.1435
SSC21436,319,Wartook,381.773
SSC20721,318,Kingston,43.4905
SSC20584,317,Hallora,58.3166
SSC20947,317,Mount Rowan,8.60357
SSC20950,317,Moutajup,389.669
SSC21343,317,Tonimbuk,55.1245
SSC20462,316,Emu Creek,19.0885
SSC21140,316,Rheola,740.633
SSC21195,316,Seaspray,50.9091
SSC21210,316,Shelford,256.709
SSC20597,315,Harrow,835.643
SSC21245,315,Springhurst,118.448
SSC21278,315,Sugarloaf Creek,186.735
SSC20838,314,Mandurang South,24.7039
SSC20418,312,Drumborg,863.426
SSC21072,312,Parwan,95.6526
SSC20709,311,Kiewa,1.16815
SSC20754,311,Lake Charm,339.924
SSC20997,311,Nelson,632.982
SSC21162,311,Rosebrook,25.2363
SSC21506,311,Woorinen South,0.662728
SSC21526,310,Yapeen,55.744
SSC21268,309,Strathbogie,199.16
SSC21507,309,Woorndoo,656.109
SSC21524,309,Yandoit,114.999
SSC20930,308,Mossiface,22.6312
SSC21121,308,Quantong,35.216
SSC20377,307,Dederang,146.537
SSC21202,307,Serpentine,455.804
SSC21433,307,Warrion,68.981
SSC20041,305,Avalon,101.187
SSC20318,304,Colac East,3.89116
SSC20687,304,Kardella,37.7472
SSC20891,304,Miepoll,312.328
SSC21307,304,Tarnagulla,221.399
SSC20652,303,Indigo Valley,137.879
SSC20856,303,Maude,75.952
SSC20644,302,Hunter,536.193
SSC20885,302,Merton,235.273
SSC21409,302,Walwa,542.076
SSC20666,301,Jack River,145.494
SSC20667,301,Jackass Flat,3.75227
SSC20778,301,Learmonth,1.46019
SSC20781,301,Lemnos,19.132
SSC21414,301,Wando Vale,573.157
SSC21517,301,Yalca,287.611
SSC20046,300,Axe Creek,42.363
SSC20096,300,Bealiba,370.539
SSC20593,300,Harcourt North,75.6246
SSC21421,300,Waranga Shores,120.28
SSC21483,300,Windermere,108.384
SSC20447,299,Eganstown,44.0763
SSC21522,299,Yan Yean,33.777
SSC20516,298,Garibaldi,140.172
SSC21276,298,Streatham,538.133
SSC21336,298,Three Bridges,99.7359
SSC21485,298,Winslow,44.5774
SSC20051,297,Bagshot,147.951
SSC20145,297,Blackwood,5.5311
SSC20320,297,Colbinabbin,167.839
SSC20330,297,Coongulla,73.5845
SSC20715,296,King Valley,210.138
SSC21411,296,Wandiligong,3.13837
SSC20210,295,Bundalaguah,43.9489
SSC20775,295,Lauriston,54.8231
SSC21047,295,Oaklands Junction,44.0962
SSC20152,294,Bonegilla,82.4255
SSC20982,294,Naringal,87.0548
SSC21038,294,Nullawarre,60.5071
SSC21279,294,Sulky,37.5715
SSC21478,292,Willung South,551.32
SSC20228,290,Byrneside,73.7907
SSC21153,290,Robinvale Irrigation District Section B,11.6119
SSC21391,290,Vectis,258.797
SSC20543,289,Glenmaggie,806.018
SSC21190,289,Scotts Creek,108.852
SSC21346,289,Toolangi,133.034
SSC20670,288,Jancourt East,128.382
SSC20113,287,Bemm River,2820.49
SSC21375,287,Tungamah,1.12181
SSC20933,286,Mount Camel,155.716
SSC21099,286,Poowong North,49.5098
SSC21301,286,Tambo Upper,40.9565
SSC20081,285,Barongarook West,92.3893
SSC21168,284,Rowsley,143.539
SSC21314,284,Tatura East,36.5995
SSC21401,284,Wahring,333.35
SSC21009,283,Newlyn North,53.6809
SSC21358,283,Torrumbarry,140.965
SSC20517,282,Garvoc,103.808
SSC21020,282,Nilma North,32.0706
SSC20717,281,Kinglake Central,87.2515
SSC21539,281,Yelta,13.0102
SSC20983,280,Narracan,46.3913
SSC21450,280,Wemen,937.636
SSC20117,279,Bend Of Islands,6.61513
SSC20606,279,Hazelwood,98.6394
SSC20972,279,Nambrok,67.1033
SSC21222,279,Smeaton,184.296
SSC21482,278,Winchelsea South,105.601
SSC21024,277,Noojee,335.423
SSC20412,276,Dreeite,124.385
SSC21423,276,Warncoort,152.277
SSC21068,275,Paraparap,52.8479
SSC21066,273,Panmure,14.0231
SSC21135,273,Redesdale,119.565
SSC21295,273,Talgarno,190.487
SSC21397,272,Vinifera,94.421
SSC20052,271,Bailieston,474.975
SSC20544,271,Glenorchy,627.929
SSC20884,271,Merrimu,18.4066
SSC20963,271,Murrindindi,470.44
SSC20003,270,Acheron,146.475
SSC21203,270,Serviceton,792.273
SSC21470,270,Wilby,270.67
SSC21540,270,Yendon,22.2292
SSC20337,269,Corop,392.599
SSC21214,268,Sherbrooke,9.29987
SSC20415,267,Drouin East,13.2759
SSC21238,267,South Purrumbete,84.5799
SSC21298,267,Tallangatta Valley,400.317
SSC21000,266,Netherby,953.358
SSC21383,266,Tyrendarra,200.191
SSC20271,265,Catani,34.1766
SSC20443,265,Ecklin South,96.0384
SSC20788,265,Lexton,141.353
SSC20848,265,Markwood,44.1315
SSC20888,265,Mia Mia,215.285
SSC20996,265,Neilborough,78.536
SSC20034,264,Ashbourne,64.878
SSC20548,264,Glenthompson,276.09
SSC20373,263,Dartmoor,3.39621
SSC20551,263,Golden Gully,3.92219
SSC20425,262,Dunnstown,23.0742
SSC21267,262,Strath Creek,183.982
SSC21531,262,Yarragon South,79.3787
SSC20183,261,Brim,707.237
SSC20215,261,Bunkers Hill,12.1516
SSC21352,261,Toora North,88.7756
SSC20008,260,Alberton,38.5384
SSC20014,260,Alma,34.7853
SSC20323,259,Colignan,88.8152
SSC20994,259,Neerim East,122.74
SSC21217,259,Silverleaves,2.20605
SSC20981,258,Nariel Valley,1698.15
SSC20060,257,Ballendella,96.3777
SSC20225,257,Buxton,1.29305
SSC20954,257,Mudgegonga,214.8
SSC20992,257,Navigators,21.2645
SSC20285,256,Cheshunt,828.735
SSC20707,256,Kialla East,236.297
SSC20766,256,Landsborough,225.161
SSC21515,256,Yabba North,267.433
SSC20246,255,Cape Bridgewater,112.38
SSC20605,255,Hazeldene,1.97924
SSC20731,255,Koonoomoo,83.4047
SSC20166,254,Boundary Bend,669.316
SSC20816,253,Lyonville,63.7193
SSC20898,253,Minimay,793.98
SSC20923,253,Mooroopna North,91.1703
SSC21406,253,Walmer,80.3714
SSC20945,252,Mount Moriac,40.6502
SSC20272,251,Cathcart,120.908
SSC20524,251,Gerang Gerung,453.325
SSC20574,251,Greta West,86.8129
SSC21083,251,Pheasant Creek,43.5833
SSC20859,250,McKenzie Hill,4.08894
SSC20116,249,Benambra,1800.54
SSC20526,249,Gheringhap,61.4322
SSC21435,249,Warrong,236.175
SSC20197,248,Buangor,433.794
SSC20573,248,Greta South,128.563
SSC20737,248,Korong Vale,256.328
SSC20264,247,Carrajung,121.128
SSC20451,247,Ellerslie,221.008
SSC20545,247,Glenormiston South,41.4137
SSC21101,247,Port Albert,0.714112
SSC21318,247,Taylor Bay,42.5398
SSC20677,246,Jung,245.75
SSC21277,246,Strzelecki,71.5818
SSC20577,245,Guildford,1.51627
SSC20061,243,Balliang,116.961
SSC20932,242,Mount Buller,22.5761
SSC20232,241,Caldermeade,60.3576
SSC20614,241,Heathmere,64.9689
SSC20620,241,Hepburn Springs,0.426829
SSC20991,241,Navarre,642.566
SSC21088,241,Pine Lodge,100.896
SSC21136,241,Reedy Creek,49.1005
SSC20610,239,Heath Hill,43.5345
SSC20630,239,Hill End,104.016
SSC20114,238,Bena,47.2376
SSC20499,238,Forrest,41.8955
SSC21297,238,Tallangatta South,320.933
SSC21349,238,Toolondo,762.658
SSC20019,236,Amphitheatre,152.469
SSC20278,236,Ceres,12.428
SSC20332,236,Cora Lynn,23.1707
SSC20742,236,Krowera,67.011
SSC21512,236,Wye River,301.625
SSC20135,235,Binginwarri,228.86
SSC20702,235,Kergunyah,93.6904
SSC21064,235,Pakenham South,24.8494
SSC21208,234,She Oaks,96.2214
SSC21381,234,Tyntynder,44.7839
SSC20227,233,Byawatha,133.347
SSC20421,233,Drung,195.742
SSC20739,232,Korweinguboora,57.3133
SSC20128,231,Bete Bolong,370.493
SSC20450,231,Eldorado,3.45077
SSC21270,231,Strathdownie,999.633
SSC20221,230,Burrumbeet,98.6712
SSC20973,230,Nandaly,1608.68
SSC20025,227,Arcadia,132.165
SSC21019,226,Nilma,0.821447
SSC21223,226,Smiths Beach,0.739778
SSC20309,225,Cobram East,41.7845
SSC20482,225,Falls Creek,2.73154
SSC20761,224,Lalbert,842.791
SSC20100,223,Beeac,0.600352
SSC20184,223,Brimpaen,861.662
SSC20333,223,Coragulac,27.3114
SSC20361,223,Curlewis,17.3166
SSC20511,223,Gannawarra,159.919
SSC20855,223,Marysville,2.08681
SSC20394,222,Digby,747.748
SSC20565,222,Granite Rock,16.7373
SSC20968,221,Myrniong,0.752453
SSC20861,220,McMahons Creek,854.801
SSC20515,219,Garfield North,21.1298
SSC20628,219,Highlands,286.108
SSC20980,219,Nareen,550.53
SSC20846,218,Marengo,2.59949
SSC20164,217,Bostocks Creek,51.9076
SSC20178,217,Bridgewater,263.542
SSC20904,217,Mitta Mitta,1491.75
SSC20206,215,Bullioh,383.503
SSC21196,215,Seaton,72.2781
SSC20293,213,Clarendon,26.1437
SSC20768,213,Langkoop,866.276
SSC21525,213,Yannathan,36.2473
SSC20958,212,Murchison East,0.658346
SSC20013,211,Allendale,37.1499
SSC20747,211,Laang,64.2593
SSC20750,210,Laharum,317.92
SSC20839,210,Mangalore,104.81
SSC21494,210,Woodend North,28.4842
SSC20541,209,Glenisla,956.329
SSC21503,209,Woorarra West,100.335
SSC20161,208,Boorhaman,195.777
SSC20299,207,Clifton Creek,50.7182
SSC21403,207,Walkerville,136.176
SSC20396,206,Diggora,353.249
SSC21431,204,Warrenbayne,291.02
SSC20862,203,McMillans,139.66
SSC21438,203,Waterford Park,0.189573
SSC20091,202,Baynton,201.06
SSC20187,202,Broadwater,186.41
SSC20674,202,Johanna,272.296
SSC20724,202,Kirwans Bridge,31.9348
SSC20842,202,Mannibadar,377.854
SSC21386,202,Underbool,1.71737
SSC20082,201,Barrabool,29.7944
SSC21339,201,Tol Tol,59.7735
SSC21111,200,Powelltown,1.25426
SSC21263,199,Steels Creek,30.2132
SSC20538,197,Glenfyne,70.8254
SSC21181,197,Sandford,130.17
SSC21185,197,Sandy Point,1.06521
SSC21197,197,Sebastian,30.3703
SSC20648,195,Huon Creek,44.8529
SSC21362,195,Trafalgar South,41.3242
SSC20728,194,Konongwootong,365.548
SSC20866,194,Meerlieu,240.797
SSC20772,193,Larpent,51.4791
SSC21489,192,Won Wron,148.253
SSC20202,191,Bulart,334.534
SSC20686,191,Kanyapella,114.317
SSC21501,191,Woomelang,1.25673
SSC20863,190,Mead,122.382
SSC21021,190,Nirranda,78.2424
SSC21096,190,Pomborneit,148.182
SSC20075,189,Barjarg,218.103
SSC20510,189,Fyansford,24.4125
SSC21499,189,Woolamai,36.8319
SSC20155,188,Bonshaw,3.39282
SSC20841,188,Mannerim,51.9619
SSC21486,188,Winton,79.3183
SSC21090,187,Pirron Yallock,47.02
SSC20919,186,Moorabool,43.8865
SSC21183,186,Sandon,143.22
SSC20252,185,Carboor,196.633
SSC20874,185,Mepunga East,69.2913
SSC20970,183,Mystic Park,103.755
SSC20208,182,Buln Buln East,23.1669
SSC20287,182,Childers,42.6555
SSC20077,181,Barmah,0.660444
SSC20555,180,Goon Nure,276.938
SSC20845,180,Marcus Hill,19.3471
SSC21105,179,Port Welshpool,0.987663
SSC20410,178,Douglas,661.231
SSC20126,176,Bessiebelle,281.734
SSC20779,176,Leichardt,95.2262
SSC20956,176,Munro,237.276
SSC21137,175,Reedy Flat,609.056
SSC20147,174,Blampied,43.3502
SSC20269,174,Castle Donnington,462.866
SSC20054,173,Bakery Hill,0.227201
SSC20725,173,Knowsley,140.712
SSC20522,171,Genoa,1567.91
SSC20243,169,Cann River,0.994484
SSC20567,169,Grassdale,298.282
SSC20156,168,Bookaar,226.75
SSC20158,168,Boolarra South,128.409
SSC20764,168,Lance Creek,33.5639
SSC20927,168,Morrisons,118.227
SSC21166,168,Rosewhite,113.5
SSC21025,167,Noorat,1.24113
SSC20111,163,Bells Beach,11.559
SSC20639,161,Hotham Heights,29.1484
SSC21087,160,Pine Grove,508.378
SSC20512,159,Gapsted,22.4421
SSC21094,159,Point Leo,3.24745
SSC21081,154,Pental Island,79.0321
SSC21207,154,Shady Creek,58.9152
SSC20284,153,Chepstowe,245.869
SSC20369,148,Dargo,2453.42
SSC20483,147,Faraday,23.1651
SSC21271,147,Strathewen,30.8047
SSC21042,145,Nutfield,7.0385
SSC21492,145,Wood Wood,37.3964
SSC20400,143,Dinner Plain,0.610581
SSC20540,143,Glengarry North,38.3778
SSC21174,143,Russells Bridge,24.271
SSC20868,142,Melbourne Airport,30.3849
SSC21082,142,Peterborough,1.69719
SSC20536,140,Glenalbyn,413.095
SSC21447,137,Wellsford,112.376
SSC20097,136,Bearii,29.4851
SSC20319,134,Colac West,12.4198
SSC20391,134,Dewhurst,6.78511
SSC20039,133,Athlone,30.36
SSC20740,132,Kotupna,202.058
SSC20813,131,Lyal,114.591
SSC20878,128,Meringur,1838.88
SSC21355,127,Toorloo Arm,2.08858
SSC20624,123,Hexham,223.537
SSC20435,119,East Sale,11.1883
SSC20506,116,French Island,170.229
SSC20692,108,Keely,81.6901
SSC21407,104,Walpa,32.5177
SSC20679,99,Kaarimba,94.8626
SSC20777,91,Laverton North,15.4611
SSC20697,84,Keilor North,7.43647
SSC20595,82,Harmers Haven,25.3269
SSC21239,66,South Wharf,0.457639
SSC20501,38,Framlingham,3.04968
SSC29797,36,Migratory - Offshore - Shipping,0
SSC21323,31,Telopea Downs,1457.98
SSC20789,29,Licola,2955.86
SSC21051,24,Ocean Grange,232.704
SSC20088,22,Baw Baw Village,4.30285
SSC21304,15,Tanjil Bren,320.438
SSC21479,14,Wilsons Promontory,481.508
SSC20600,12,Hattah,537.733
SSC20087,6,Baw Baw,883.989
SSC21359,6,Tottenham,2.15251
SSC20640,5,Howqua Hills,1145.59
SSC20133,3,Big Desert,5496.38
SSC20843,3,Manns Beach,106.41
SSC21230,3,Somerton,5.41011
SSC20159,0,Boole Poole,93.8743
SSC20171,0,Braeside,0.372722
SSC20231,0,Calder Park,2.69141
SSC20314,0,Cocoroc,64.7455
SSC20471,0,Essendon Fields,3.35492
SSC20523,0,Gentle Annie,193.04
SSC20757,0,Lake Wellington,146.984
SSC20795,0,Little Desert,517.909
SSC20918,0,Moorabbin Airport,3.07557
SSC20961,0,Murray-Sunset,5913.95
SSC21341,0,Tom Groggin,2072.15
SSC21369,0,Tremont,5.33572
SSC21519,0,Yallourn,27.7529
SSC29191,0,Unclassified,0